id,storeName,storeAddress,storeCreatetime,storeUpdatetime,storePhone,storeDesc,storeArea,storeOrg,storePersonName,distributeType,channel,merchantName
190,摩尔平昌新平店,四川巴中平昌县新平街摩尔赛尔购物中心,43:50.2,45:41.7,18282714946,包场摩尔赛尔平昌新平店,NULL,包场,罗群林,2,通重天鹤万顺,NULL
191,摩尔平昌骏东店,四川巴中平昌县新华街东段摩尔超市,46:34.8,45:30.9,18282714946,包场摩尔赛尔平昌骏东店,NULL,包场,罗群林,2,通重天鹤万顺,NULL
192,摩尔平昌农场店,四川巴中平昌县新华街东段摩尔超市,46:34.8,45:20.6,18282714946,包场摩尔赛尔平昌农场店,NULL,包场,罗群林,2,通重天鹤万顺,NULL
193,摩尔平昌信义店,四川巴中平昌县新华街信义大道摩尔超市,46:34.8,01:55.3,18282714946,包场摩尔赛尔平昌信义店,NULL,包场,罗群林,2,通重天鹤万顺,NULL
194,摩尔平昌水木清华店,四川巴中平昌县新华街平安巷摩尔超市,46:34.8,44:57.0,18282714946,包场摩尔赛尔平昌水木清华店,NULL,包场,罗群林,2,通重天鹤万顺,NULL
195,富源蓬安店,四川省南充市蓬安县富源购物广场嘉陵中路85号,46:34.8,32:34.2,18081583237,富源超市蓬安店,NULL,包场,周云兰,2,真诚物流,NULL
196,富源南部店,四川省南部县振兴南段富源购物广场丝绸街1号,46:34.9,17:22.3,18086925828,富源超市南部店,NULL,包场,邓传美,2,真诚物流,NULL
198,富源营山二店,四川省营山县景阳路惠家购物中心,46:34.9,32:10.7,13890846949,富源超市营山二店,NULL,包场,冯友兰,2,真诚物流,NULL
199,富源资中店,内江市资中县富源惠家购物中心,46:34.9,00:43.9,15983279258,包场富源超市资中店,NULL,包场,张俊仙,2,广汇物流,NULL
200,摩尔隆昌一店,四川省隆昌市金鹅镇竹市街,46:34.9,24:01.7,13330709980,包场摩尔赛尔隆昌一店,NULL,包场,杨芬,2,隆发物流,NULL
201,摩尔隆昌二店,四川省隆昌市金鹅镇鹅江花园,46:34.9,21:48.4,18683287360,包场摩尔赛尔隆昌二店,NULL,包场,梁多聪,2,隆发物流,NULL
202,摩尔隆昌南街店,四川省内江隆昌市金鹅镇大南街综合市场,46:35.0,23:45.9,13541624286,包场摩尔赛尔隆昌南街店,NULL,包场,曾远南,2,隆发物流,NULL
203,摩尔彭山一店,四川省眉山市彭山区北街,46:35.0,18:57.7,18990305904,包场摩尔赛尔彭山一店,NULL,包场,龚忠英,2,汇运物流,NULL
204,摩尔彭山二店,四川省眉山市彭山区锦江大道蓝湾风景,46:35.0,19:18.1,18990305904,包场摩尔赛尔彭山二店,NULL,包场,龚忠英,2,汇运物流,NULL
205,摩尔武侯区李家祠店,成都市武侯区凉水井月月红超市,46:35.0,00:52.7,13688001338,包场成都李家祠店,NULL,包场,刘兴平,2,余氏东风,NULL
208,南岸茶园郭瑞文,,06:19.8,12:13.2,13883032585,,NULL,分销客户,郭瑞文,1,,NULL
209,陈家桥大学城高燕,,06:19.8,19:59.3,1,,NULL,陈家桥大学城高燕,1,2,,NULL
210,成都世泽尚秀商贸有限公司（于宪政）,,06:19.8,19:44.6,1,,NULL,成都世泽尚秀商贸有限公司（于宪政,1,2,,NULL
211,垫江好好化妆廖怡辉,,06:19.8,19:21.5,1,,NULL,垫江好好化妆廖怡辉,1,2,,NULL
212,李渡蔺市镇刘锐,,06:19.8,17:46.8,1,,NULL,李渡蔺市镇刘锐,1,1,,NULL
213,刘杰,,06:19.8,35:37.2,0,自提,NULL,分销,0,1,,NULL
214,彭水范江波,,06:19.8,09:01.0,13983671800,,NULL,分销客户,范江波,2,迪丰物流,NULL
215,平昌白衣店张玲/李绍波,,06:19.9,15:02.3,1,,NULL,平昌白衣店张玲/李绍波,1,2,,NULL
216,平昌朱道波,,06:19.9,14:41.1,1,,NULL,平昌朱道波,1,2,,NULL
217,黔江田华梅（碧微商贸）,重庆市黔江区城西街道白家湾蔬菜水果批发市场,06:19.9,46:10.0,15923782928,,NULL,分销客户,杨芳,2,迪丰物流或明全物流,NULL
218,荣昌盘龙宜佳兴,,06:19.9,58:16.3,46510460,指定物流金环，海鸿,NULL,分销客户,宜佳兴,2,金环物流,NULL
219,石桥铺陈会,,06:19.9,35:23.1,0,,NULL,分销,0,1,,NULL
220,石柱谭建飞（向奉华）,,06:19.9,17:09.6,1,,NULL,石柱谭建飞,1,2,,NULL
221,双福镇世纪华联（吴中华）,,06:19.9,16:55.1,1,,NULL,双福镇世纪华联,1,2,,NULL
222,滩子口伍中迁（绿怡商贸）,,06:19.9,19:08.7,1,,NULL,滩子口伍中迁,1,1,,NULL
223,潼南周继平,,06:19.9,16:09.8,1,,NULL,潼南周继平,1,2,,NULL
224,万州王德刚,,06:19.9,15:54.0,1,,NULL,万州王德刚,1,2,,NULL
225,武隆新颖精品潮（丁家兰）,,06:19.9,15:39.0,1,,NULL,武隆新颖精品潮,1,2,,NULL
226,武隆袁之文,,06:20.0,15:24.2,1,,NULL,武隆袁之文,1,2,,NULL
227,荣昌物思渝商贸刘梅,,06:20.0,45:47.5,18696790678,物思渝商贸刘梅,NULL,分销客户,刘梅,2,迪丰物流,NULL
229,江津熊武军,,06:20.0,41:43.8,15922981868,,NULL,分销,熊武军,2,迪丰物流,NULL
230,秀山周明中,,06:20.0,45:37.1,13896885882,,NULL,分销客户,周明中,2,迪丰物流或良琨物流,NULL
231,永川刘勇,,06:20.0,25:00.4,49882090,永川刘勇,NULL,分销客户,刘勇,2,迪丰物流或联合物流,NULL
232,渝北区龙怡日化商贸公司(龙行红）,,06:20.0,24:16.0,1,,NULL,龙怡日化,1,1,,NULL
233,大渡口区余同彬,,06:20.0,33:16.3,1,,NULL,分销,1,1,,NULL
234,云阳钟华（钟军）,重庆云阳实验小学. 磨岭56号,06:20.0,21:42.0,18996645700,钟华：15123551678,NULL,分销客户,钟军,2,迪丰物流,NULL
235,忠县杨承琼,,06:20.0,40:22.6,13896911908,忠县杨承琼,NULL,分销客户,杨承琼,2,迪丰物流,NULL
236,重庆大慈日用品蒋妍（阿迪达斯）,,06:20.0,30:12.2,1,,NULL,重庆大慈日用品蒋妍,1,1,,NULL
237,重庆朵秀日化（李勇明）,,06:20.0,30:24.9,1,,NULL,重庆朵秀日化,1,1,,NULL
238,巴南区坤和贸易有限公司,,06:20.1,33:31.3,1,,NULL,分销,1,1,,NULL
239,南岸区永辉崇文店,重庆市南岸区崇文小区永辉超市,06:20.1,21:47.0,15340528066,重庆南岸区--崇文店,NULL,重庆永辉,邓满红,1,,NULL
240,渝北区永辉兰馨大道店,重庆市渝北区同盛路双龙湖街道两路工业园西区,06:20.1,18:13.7,1,重庆渝北区--兰馨大道店,NULL,重庆永辉,1,1,,NULL
241,永辉忠县财富广场店,重庆市忠县财富广场永辉超市,06:20.1,50:11.3,15023856371,重庆市忠县--财富广场店,NULL,重庆永辉,李兴分,2,中铁物流,NULL
242,渝北区永辉兴科大道店,重庆市渝北区回兴街道兴科大道422号,06:20.1,17:56.6,1,重庆渝北区--兴科大道店,NULL,重庆永辉,1,1,,NULL
243,渝北区永辉红叶路店,重庆市渝北区红叶路润都7号,06:20.1,17:33.6,1,重庆市渝北区--红叶路店,NULL,重庆永辉,1,1,,NULL
244,南岸区永辉腾龙大道店,重庆市南岸区弹子石国际社区,06:20.1,17:16.1,1,重庆南岸区--腾龙大道店,NULL,重庆永辉,1,1,,NULL
245,永辉璧山县金山广场店,重庆市璧山县北门街金山广场,06:20.1,16:54.3,13752807470,重庆璧山县--金山广场店,NULL,重庆永辉,冉茂学,2,中铁物流,NULL
246,江北区永辉生活广场店,重庆市江北区南桥寺转盘,06:20.1,16:37.9,1,重庆江北区--永辉生活广场店,NULL,重庆永辉,1,1,,NULL
247,永辉重庆市酉阳县碧津广场,重庆市酉阳县钟多镇桃花源中路,06:20.1,36:51.5,15923610286,重庆市酉阳县--碧津广场店,NULL,重庆永辉,黄代香,2,中铁物流,NULL
248,永辉重庆市江津区江洲大道,重庆市江津区元帅大道建宇爱上项目,06:20.2,45:51.6,15123109167,重庆江津区--江洲大道店,NULL,重庆永辉,尹学兰,2,中铁物流,NULL
249,万州区永辉万州万达店,重庆市万州区万达广场永辉超市,06:20.2,24:24.3,18581434062,重庆万州区--万州万达店,NULL,重庆永辉,万登淑,2,中铁物流,NULL
250,渝北区永辉泰山大道店,重庆市北部新区泰山大道东段62号动力时光购物中心,06:20.2,15:43.8,1,重庆渝北区--泰山大道店,NULL,重庆永辉,1,1,,NULL
251,南岸区永辉茶园金科店,重庆市南岸区香溪路1号永辉超市,06:20.2,50:21.7,15823839809,重庆南岸区--茶园金科店,NULL,重庆永辉,陈娇,1,,NULL
252,江北区永辉国奥村店,重庆市江北区北滨路国奥村,06:20.2,15:05.7,1,重庆江北区--国奥村店,NULL,重庆永辉,1,1,,NULL
253,永辉南川区渝南大道店,重庆市南川区西城街道,06:20.2,38:41.2,18323973827,重庆南川区--渝南大道店,NULL,重庆永辉,王润秀,2,中铁物流,NULL
254,九龙坡区永辉华福金科店,重庆市九龙坡区华福路北段18号金科阳光小镇,06:20.2,39:14.2,1,重庆九龙坡区--华福金科店,NULL,重庆永辉,1,1,,NULL
255,永辉合川区合川宝龙店,重庆市合川区城北大道（北环路）宝龙城市广场,06:20.2,13:45.3,18723068904,重庆合川区--合川宝龙店,NULL,重庆永辉,何明英,2,中铁物流,NULL
256,永辉沙坪坝龙湖仟百汇店,重庆市沙坪坝区大学城北路50号龙湖仟百汇,06:20.3,41:31.1,1,,NULL,重庆永辉,1,1,,NULL
257,永辉北碚区双元大道店,重庆市北碚区双元大道海宇中央鑫都,06:20.3,05:56.5,15023765641,重庆北碚区--双元大道店,NULL,重庆永辉,唐祖梅,2,中铁物流,NULL
258,巴南区永辉巴南万达店,重庆市巴南区龙洲大道5号巴南万达广场,06:20.3,29:23.1,19923130679,重庆巴南区--巴南万达店,NULL,重庆永辉,邓小琴,1,,NULL
259,大渡口区永辉中交丽景店,重庆市大渡口区双龙路中交丽景,06:20.3,13:33.3,1,重庆大渡口区--中交丽景店,NULL,重庆永辉,1,1,,NULL
260,渝中区永辉大坪协信店,重庆市渝中区大坪经纬大道协信星光天地,06:20.3,58:52.0,15823525529,重庆渝中区--大坪协信店,NULL,重庆永辉,吴秀英,1,,NULL
261,渝北区永辉重庆水木天地店,重庆市渝北区双湖路一碗水水木天地都会广场,06:20.4,12:53.6,1,重庆渝北区--水木天地店,NULL,重庆永辉,1,1,,NULL
262,永辉永川区协信店,重庆市永川区兴龙大道协信中心,06:20.4,51:27.9,151 2319 3150,重庆永川区--永川协信店,NULL,重庆永辉,周成平,2,中铁物流,NULL
263,永辉九龙坡白市驿店,重庆市九龙坡区白市驿镇白欣路23号西城金街购物广场永辉超市,06:20.4,11:54.5,13193125258,重庆九龙坡区--白市驿店,NULL,重庆永辉,石先芳,2,中铁物流,NULL
264,九龙坡区永辉渝州路店,重庆市九龙坡区渝州路79号石桥style广场,06:20.4,12:15.1,1,重庆九龙坡区--渝州路店,NULL,重庆永辉,1,1,,NULL
265,大渡口区永辉中房店,重庆市大渡口区大堰王村27号朝阳气体厂,06:20.4,55:21.5,17830862342,重庆大渡口区--中房店,NULL,重庆永辉,于小凤,1,,NULL
267,永辉重庆石柱康德中央大街店,重庆市石柱县民族体育场地块,06:20.4,12:30.8,18315293894,重庆石柱县--康德中央大街店,NULL,重庆永辉,冉翠,2,中铁物流,NULL
268,南岸区永辉桃源路店,重庆市南岸区桃源路158号美全世纪城,06:20.4,53:29.6,15922623940,重庆南岸区--桃源路店,NULL,重庆永辉,易雪琴,1,,NULL
269,渝北区永辉爱琴海店,重庆市渝北区金开大道1003号,06:20.4,11:02.2,1,重庆渝北区--爱琴海店,NULL,重庆永辉,1,1,,NULL
270,渝北区永辉喜悦汇店,重庆市渝北区两路组团G分区G40-5/01部分地块,06:20.5,10:45.1,1,重庆渝北区--喜悦汇店,NULL,重庆永辉,1,1,,NULL
271,江北区永辉龙湖源著天街店,重庆市江北区大石坝组团B分区B3-4地块龙湖源著天街,06:20.5,52:48.2,19923352755,重庆渝北区--龙湖源著天街店,NULL,重庆永辉,周顺梅,1,,NULL
272,江北区永辉龙湖新壹街店,重庆市江北区建新北路鹞子丘Ⅰ标准地块龙湖新壹街,06:20.5,55:00.3,18203062261,重庆江北区--龙湖新壹街店,NULL,重庆永辉,周芬,1,,NULL
273,九龙坡区永辉龙湖新壹城店,重庆市九龙坡区大杨石组团H分区龙湖新壹城,06:20.5,01:03.1,19923135988,重庆九龙坡区--龙湖新壹城店,NULL,重庆永辉,魏姐,1,,NULL
274,沙坪坝区永辉龙湖大学城店,重庆市沙坪坝区大学城北路龙湖U城天街2期,06:20.5,26:50.6,13012349309,重庆沙坪坝区--龙湖大学城店,NULL,重庆永辉,杨玲,2,中铁物流,NULL
275,九龙坡区永辉奥园盘龙店,重庆市九龙坡区大杨石组团Q标准分区F3-5-1地块,06:20.5,56:32.2,18875360793,重庆九龙坡区--奥园盘龙店,NULL,重庆永辉,赵玉兰,1,,NULL
276,永辉重庆江津双福星街店,重庆市江津区双福镇南北大道双福新街永辉超市,06:20.5,27:07.0,15223387810,重庆江津区--双福星街店,NULL,重庆永辉,苏春,2,中铁物流,NULL
277,永辉重庆綦江万达广场店,重庆市綦江区文龙街道办事处通惠大道二号桥左侧100米（滨河大道,06:20.5,51:01.7,13527373430,重庆綦江县--綦江万达广场店,NULL,重庆永辉,李会,2,中铁物流,NULL
279,永辉荣昌迎宾大道店,重庆荣昌县北部新区昌龙大道212号（昌龙大道和迎宾大道交汇处,06:20.5,48:44.0,15828465780,重庆荣昌县--荣昌迎宾大道店,NULL,重庆永辉,杨玉兰,2,中铁物流,NULL
280,永辉重庆涪陵宝龙店,重庆市涪陵区百花路88号,06:20.6,30:51.7,15823684478,重庆涪陵区--涪陵宝龙店,NULL,重庆永辉,秦淑琼,2,中铁物流,NULL
281,永辉重庆秀山渝秀大道店,重庆市秀山县中和街道渝秀大道126号,06:20.6,00:30.6,15095959824,重庆秀山县-渝秀大道店,NULL,重庆永辉,杨芳琼,2,中铁物流,NULL
282,永辉重庆綦江九龙大道店,重庆市綦江区九龙大道82号,06:20.6,25:55.8,17774900200,重庆綦江县--九龙大道店,NULL,重庆永辉,周光芬,2,中铁物流,NULL
284,渝北区永辉庆宝圣二路店,,06:20.6,11:38.3,1,重庆市渝北区--宝圣二路店,NULL,重庆永辉,1,1,,NULL
285,大渡口区永辉朵力店,重庆市大渡口区朵力名都31号1-1号,06:20.6,13:47.8,1,重庆市大渡口区--朵力店,NULL,重庆永辉,1,1,,NULL
286,渝北区永辉重庆宝圣一店,重庆市渝北区回兴宝圣大道950号,06:20.6,13:20.5,1,重庆市渝北区--宝圣一店,NULL,重庆永辉,1,1,,NULL
287,渝中区永辉大坪长江支路店,重庆市渝中区大坪长江支路25号,06:20.6,33:23.7,1,,NULL,重庆永辉,1,1,,NULL
288,渝北区永辉重庆上品十六店,重庆市渝北区龙塔街道兴盛大道33号(上品十六小区负1楼）,06:20.6,24:02.2,1,,NULL,重庆永辉,1,1,,NULL
289,大渡口永辉中百重庆金桥店,重庆市大渡口区金桥路3号（古渡春小区负1楼）,06:20.6,39:40.5,1,,NULL,重庆永辉,1,1,,NULL
290,南岸区永辉青龙路店,重庆市南岸区南坪经开区青龙路36号5.6栋（金阳罗马假日）,06:20.6,39:33.1,1,,NULL,重庆永辉,1,1,,NULL
291,渝北区永辉重庆龙兴店,重庆市渝北区两江新区和合家园,06:20.6,50:26.8,18223522106,重庆市渝北区--龙兴店,NULL,重庆永辉,刘小莉,2,中铁物流,NULL
292,江北区永辉红锦店,重庆市江北区红石路2号东和银都酒店1-3楼(红旗河沟汽车北站）,06:20.7,24:55.3,1,,NULL,重庆永辉,1,1,,NULL
294,江北区永辉重庆市洋河店,重庆市江北区洋河二村3号28号,06:20.7,25:09.2,1,,NULL,重庆永辉,1,1,,NULL
295,江北区永辉重庆市望海花市店,重庆市江北区洋河中路87号（望海花市）,06:20.7,25:14.3,1,,NULL,重庆永辉,1,1,,NULL
296,渝北区永辉重庆市兴茂店,重庆市渝北区龙山街道白灵路6号兴茂盛世北辰5幢1层,06:20.7,24:07.2,1,,NULL,重庆永辉,1,1,,NULL
297,渝北区永辉重庆锦橙路店,重庆市渝北区锦橙路8号附12.13.14号,06:20.7,24:11.7,1,,NULL,重庆永辉,1,1,,NULL
298,江北区永辉加州店,重庆市渝北区龙溪街道加州花园B4幢,06:20.7,59:04.6,1,重庆渝北区--加州店,NULL,重庆永辉,1,1,,NULL
299,江北区永辉重庆东和春天店,重庆市渝北区松石北路东和春天,06:20.7,57:17.4,1,重庆渝北区--东和春天店,NULL,重庆永辉,1,1,,NULL
300,江北区永辉观音桥店,重庆市江北区建新北路二支路1号,06:20.7,56:54.1,1,重庆江北区--观音桥店,NULL,重庆永辉,1,1,,NULL
301,渝中区永辉大坪店,重庆市渝中区大坪正街88号穗东莲花国际,06:20.7,56:30.1,1,重庆渝中区--大坪店,NULL,重庆永辉,1,1,,NULL
302,九龙坡区永辉西城天街店,重庆市九龙坡区杨家坪珠江路48号西城天街购物广场,06:20.7,56:11.1,1,重庆九龙坡区--西城天街店,NULL,重庆永辉,1,1,,NULL
304,江北区永辉五里店,重庆市江北区建新东路295号,06:20.8,55:26.6,1,重庆江北区--五里店,NULL,重庆永辉,1,1,,NULL
305,南岸区永辉四公里店,重庆市南岸区龙商业大厦,06:20.8,46:26.6,15922657245,重庆南岸区--四公里店,NULL,重庆永辉,周国梅,1,,NULL
306,渝北区永辉黄泥Y店,重庆市渝北区黄泥Y黄龙路10号,06:20.8,02:16.3,15215096819,重庆渝北区--黄泥Y店,NULL,重庆永辉,杨传容,1,,NULL
307,永辉长寿区协信店,重庆市长寿区长寿路向阳路2号协信商业中心,06:20.8,58:59.4,13368259908,重庆长寿区--协信店,NULL,重庆永辉,任莲,2,天天快递,NULL
308,渝北区永辉双龙店,重庆市渝北区双龙大道218号,06:20.8,53:27.2,13212358563,重庆渝北区--双龙店,NULL,重庆永辉,刘文琴,1,,NULL
309,大渡口区永辉香港城店,重庆市大渡口区松清路佳禾钰茂香港城,06:20.8,53:44.7,1,重庆大渡口区--香港城店,NULL,重庆永辉,1,1,,NULL
310,永辉梁平县大众店,重庆市梁平县梁山镇大众街中心广场,06:20.8,30:57.6,15923812139,重庆梁平县--大众店,NULL,重庆永辉,谭成军,2,中铁物流,NULL
311,南岸区永辉南坪东路店,重庆市南岸区南坪街道南坪东路37号,06:20.8,41:21.2,13452035733,重庆南岸区--南坪东路店,NULL,重庆永辉,唐小红,1,,NULL
312,永辉綦江县河西店,重庆市綦江县古镇交通路25号,06:20.8,11:20.8,15683990979,重庆綦江县--河西店,NULL,重庆永辉,翁庆孝,2,中铁物流,NULL
313,永辉璧山县时代商都店,重庆市璧山县璧城街道中生时代商都商场永辉超市,06:20.8,16:29.3,13320338071,重庆璧山县--时代商都店,NULL,重庆永辉,李雪琴,2,中铁物流,NULL
314,渝北区永辉空港店,重庆市渝北区空港凌空大道红树林小区28号楼,06:20.8,51:55.8,1,重庆渝北区--空港店,NULL,重庆永辉,1,1,,NULL
315,九龙坡区永辉石桥铺店,重庆市九龙坡区石桥铺石杨路17号附22号,06:20.9,51:38.4,1,重庆九龙坡区--石桥铺店,NULL,重庆永辉,1,1,,NULL
316,永辉万盛区民盛店,重庆市万盛区民盛大道民盛大厦,06:20.9,33:24.9,13635458498,重庆万盛区--民盛店,NULL,重庆永辉,梁光琼,2,天天快递,NULL
317,永辉綦江县河东店,重庆市綦江县古南镇巨龙商业城,06:20.9,11:33.9,18725674079,重庆綦江县--河东店,NULL,重庆永辉,李亚,2,中铁物流,NULL
318,渝中区永辉白象街店,重庆市渝中区二府衙39号,06:20.9,50:59.1,1,重庆渝中区--白象街店,NULL,重庆永辉,1,1,,NULL
319,永辉万盛区万盛名都店,重庆市万盛区万盛大道9号,06:20.9,01:23.7,18523810032,重庆万盛区--万盛名都店,NULL,重庆永辉,刘晓翠,2,天天快递,NULL
320,渝中区永辉较场口店,重庆市渝中区民权路58号,06:20.9,50:20.8,1,重庆渝中区--较场口店,NULL,重庆永辉,1,1,,NULL
321,渝中区永辉(储奇门)超市,重庆市渝中区解放西路143号.,06:20.9,33:34.6,1,,NULL,重庆永辉,1,1,,NULL
322,沙坪坝区永辉天星桥店,重庆市沙坪坝区天星桥正街49号平街,06:20.9,49:44.5,1,重庆沙坪坝区--天星桥店,NULL,重庆永辉,1,1,,NULL
323,江北区永辉大石坝店,重庆市江北区大石坝街道大石坝正街1-40号大石坝市民广场,06:20.9,51:15.1,13983229521,重庆江北区--大石坝店,NULL,重庆永辉,王能洪,1,,NULL
324,永辉万州区王牌路店,重庆市万州区王牌路41号(民意花园)平街永辉超市,06:20.9,56:12.2,15023470814,重庆万州区--王牌路店,NULL,重庆永辉,张华英,2,中铁物流,NULL
325,江北区永辉龙头寺店,重庆市北部新区高新园保利香槟花园C组团,06:20.9,03:41.1,1,重庆渝北区--龙头寺店,NULL,重庆永辉,1,1,,NULL
326,沙坪坝区永辉汉渝路店,重庆市沙坪坝区汉渝路塑料新村1号附3号,06:21.0,03:09.2,13452315943,重庆沙坪坝区--汉渝路店,NULL,重庆永辉,陈文利,1,,NULL
327,永辉北碚区天生丽街店,重庆市北碚区西南大学对面天生丽街永辉超市,06:21.0,43:28.7,18725930895,重庆北碚区--天生丽街店,NULL,重庆永辉,胡琴,2,中铁物流,NULL
328,渝北区永辉武陵路店,重庆市渝北区武陵路71号,06:21.0,02:47.4,1,重庆渝北区--武陵路店,NULL,重庆永辉,1,1,,NULL
329,沙坪坝区永辉童家桥店,重庆市沙坪坝区童家桥大水井1号九鼎红街,06:21.0,02:28.3,1,重庆沙坪坝区--童家桥店,NULL,重庆永辉,1,1,,NULL
330,南岸区永辉弹新街店,重庆市南岸区弹子石新街59号富力・现代广场(东南裙楼),06:21.0,42:51.6,13110278944,重庆南岸区--弹新街店,NULL,重庆永辉,张冬蓉,1,,NULL
331,江北区永辉建新东路店,重庆市江北区建新东路36号,06:21.0,52:00.1,13883915520,重庆江北区--建新东路店,NULL,重庆永辉,陈小娇,1,,NULL
332,永辉万州区国贸广场店,重庆市万州区国贸广场永辉超市,06:21.0,55:41.2,13709435451,重庆万州区--国贸广场店,NULL,重庆永辉,李庆红,2,中铁物流,NULL
333,永辉开县新天地店,开县新天地广场永辉超市,06:21.0,53:04.1,18883651458,重庆开县--新天地店,NULL,重庆永辉,徐京芳,2,中铁物流,NULL
334,沙坪坝区永辉嘉茂购物中心,重庆市沙坪坝区小龙坎新街029号华宇广场1号,06:21.0,16:27.6,1,重庆沙坪坝区--嘉茂购物中心店,NULL,重庆永辉,1,1,,NULL
335,渝北区永辉宝圣西路店,重庆市渝北区回兴街道宝圣西路395号,06:21.0,00:08.8,1,重庆渝北区--宝圣西路店,NULL,重庆永辉,1,1,,NULL
336,永辉垫江县西欧花园店,重庆市垫江县西欧花园商业步行街香榭广场商场,06:21.0,09:09.3,13896764337,重庆垫江县--西欧花园店,NULL,重庆永辉,夏小兰,2,中铁物流,NULL
337,永辉梁平县西池广场店,重庆市梁平县二横街西池广场永辉超市,06:21.1,49:25.6,15870512355,重庆梁平县--西池广场店,NULL,重庆永辉,吕后宣,2,中铁物流,NULL
338,南岸区永辉南湖花园店,重庆市南岸区花园村街道湖滨路1-4号,06:21.1,45:29.9,18723183953,重庆南岸区--南湖花园店,NULL,重庆永辉,韦玉成,1,,NULL
339,永辉铜梁县广龙明珠店,重庆市铜梁县巴川办事处水井巷30号,06:21.1,28:01.5,18203021028,重庆铜梁县--广龙明珠店,NULL,重庆永辉,陈隆芳,2,中铁物流,NULL
340,江北区永辉金源时代购物中心,重庆市江北区滨江路368号金源时代购物广场,06:21.1,58:57.6,1,重庆江北区--金源时代购物中心店,NULL,重庆永辉,1,1,,NULL
341,永辉忠县中博大道店,重庆市忠县中博大道中博商厦永辉超市,06:21.1,06:45.2,15025536106,重庆忠县--中博大道店,NULL,重庆永辉,刘定霞,2,中铁物流,NULL
342,巴南区永辉人民广场店,重庆市巴南区鱼洞鱼轻路26号巴南人民广场,06:21.1,04:39.2,1,重庆巴南区--人民广场店,NULL,重庆永辉,1,1,,NULL
343,永辉合川区金世纪广场店,重庆市合川区希尔安大道41号金世纪大厦,06:21.1,58:12.9,13508373850,重庆合川区--金世纪广场店,NULL,重庆永辉,王忠梅,2,中铁物流,NULL
344,渝中区永辉人和街店,重庆市渝中区人和街,06:21.1,56:57.9,1,重庆渝中区--人和街店,NULL,重庆永辉,1,1,,NULL
345,沙坪坝区永辉新桥店,重庆市沙坪坝区新桥新村88号新桥新都,06:21.1,56:39.7,1,重庆沙坪坝区--新桥店,NULL,重庆永辉,1,1,,NULL
346,沙坪坝区永辉双碑鼎盛店,重庆市沙坪坝区双碑街33号鼎盛大厦,06:21.1,56:15.6,1,重庆沙坪坝区--双碑鼎盛店,NULL,重庆永辉,1,1,,NULL
347,永辉武隆县南城中央广场店,重庆市武隆县巷口镇建设东路2号南城中央广场,06:21.1,00:46.9,15095872292,重庆武隆县--南城中央广场店,NULL,重庆永辉,张仁琼,2,天天快递,NULL
348,南岸区永辉南岸万达广场店,重庆市南岸区江南大道8号万达广场,06:21.2,48:37.4,19942339529,重庆南岸区--万达广场店,NULL,重庆永辉,邓晓梅,1,,NULL
349,永辉南川区南大街店,重庆市南川区南城大道消防总队旁金易城市之光,06:21.2,22:04.9,13983593504,重庆南川区--南大街店,NULL,重庆永辉,苏玉环,2,中铁物流,NULL
350,大渡口区永辉壹街购物中心,重庆市大渡口区顺祥壹街区购物中心,06:21.2,57:31.4,17783496583,重庆大渡口区--壹街购物中心店,NULL,重庆永辉,王锡琴,1,,NULL
351,永辉北碚区文星湾旺德旺城,重庆市北碚区文星湾永辉超市,06:21.2,09:33.9,18725982757,重庆北碚区--文星湾旺德旺城店,NULL,重庆永辉,罗小霜,2,中铁物流,NULL
352,巴南区永辉土桥店,重庆市巴南区花溪镇红光大道50号,06:21.2,47:10.4,15123946745,重庆巴南区--土桥店,NULL,重庆永辉,徐永凤,1,,NULL
353,永辉江北望江店,重庆市江北区郭家沱旱河小区永辉超市,06:21.2,36:14.0,13883397207,重庆江北区--望江店,NULL,重庆永辉,李佑君,2,中铁物流,NULL
354,永辉荣昌县莲花广场店,重庆市荣昌县昌元镇棠城国际,06:21.2,40:22.0,13657648068,重庆荣昌县--莲花广场店,NULL,重庆永辉,张志兰,2,中铁物流,NULL
356,巴南区永辉都和广场店,重庆市巴南区李家沱林荫村18号都和广场,06:21.2,52:56.6,1,重庆巴南区--都和广场店,NULL,重庆永辉,1,1,,NULL
357,九龙坡区永辉石坪桥店,重庆市九龙坡区石坪桥横街43-44号,06:21.2,52:37.5,1,重庆九龙坡区--石坪桥店,NULL,重庆永辉,1,1,,NULL
358,沙坪坝区永辉陈家桥店,重庆市沙坪坝区陈家桥镇怡鑫花园B区平街,06:21.2,35:43.2,15923017618,重庆沙坪坝区--陈家桥店,NULL,重庆永辉,温春夏,2,中铁物流,NULL
359,永辉荣昌县沿河中路店,重庆市荣昌县昌元街道宝城路,06:21.3,35:33.7,13647607947,重庆荣昌县--沿河中路店,NULL,重庆永辉,何长书,2,天天快递,NULL
360,渝北区永辉星湖路店,重庆市北部新区高新园星湖路3号劲力五星城二期,06:21.3,47:02.9,1,重庆渝北区--星湖路店,NULL,重庆永辉,1,1,,NULL
361,永辉九龙坡民生广场店,重庆市九龙坡区西彭镇大石堡一村民生广场,06:21.3,10:35.3,15998932188,重庆九龙坡区--民生广场店,NULL,重庆永辉,鄢正玲,2,优速快递,NULL
362,沙坪坝区永辉联芳桥店,重庆市沙坪坝区联芳桥渝新路大城小爱,06:21.3,59:07.3,13883699193,重庆沙坪坝区--联芳桥店,NULL,重庆永辉,刘万英,1,,NULL
364,永辉璧山县青杠店,重庆市壁山县青杠街道民安街168号青山河畔,06:21.3,45:39.6,13272835359,重庆璧山县--青杠店,NULL,重庆永辉,卿庆梅,2,中铁物流,NULL
365,渝北区永辉金渝大道店,重庆市北部新区金渝大道88号叠彩城三期,06:21.3,55:53.3,13598028478,重庆渝北区--金渝大道店,NULL,重庆永辉,唐伏容,1,,NULL
366,渝北区永辉星光天地店,重庆市渝北区北部新区金开大道66号金开协信中心星光天地,06:21.3,44:41.7,1,重庆渝北区--星光天地店,NULL,重庆永辉,1,1,,NULL
367,永辉长寿区盛世桃源店,重庆市长寿区文苑大道3号53号楼永辉超市,06:21.3,11:07.5,15703073936,重庆长寿区--盛世桃源店,NULL,重庆永辉,余敏,2,天天快递,NULL
368,渝北区永辉金开大道店,重庆市北部新区金开大道中冶北麓原,06:21.3,31:18.5,1,重庆渝北区--金开大道店,NULL,重庆永辉,1,1,,NULL
369,永辉大足县国梁店,重庆市大足县国梁路6号大足商贸中心三号楼,06:21.4,29:25.8,13647654805,重庆大足县--国梁店,NULL,重庆永辉,罗元平,2,中铁物流,NULL
370,南岸区永辉风临路店,重庆市南岸区风临路3号融侨广场平街,06:21.4,49:26.1,15823540136,重庆南岸区--风临路店,NULL,重庆永辉,李敏,1,,NULL
371,永辉沙坪坝区大学城北路店,重庆市沙坪坝区大学城北路94号龙湖U城天街风尚馆,06:21.4,04:48.6,1,,NULL,重庆永辉,1,2,中铁物流,NULL
372,永辉物流食品用品DC,重庆市沙坪坝区土主镇土主中路199号1-50号,06:21.4,43:43.7,1,,NULL,重庆永辉,1,1,,NULL
373,九龙坡区永辉易鲜生活体验店,重庆市九龙坡区谢家湾正街55号华润二十四层三期万象里商业负一,06:21.4,39:56.5,1,,NULL,重庆永辉,1,1,,NULL
374,永辉成都万科路店,四川省成都市成华区万科路9号永辉超市,06:21.4,00:15.0,15328065562,四川成都市--万科路店,NULL,四川永辉,杨天惠,2,中铁物流,NULL
375,永辉成都市国色天乡店,四川省成都市温江区万春镇天乡路社永辉超市,06:21.4,00:04.8,18380480376,四川成都市--国色天乡店,NULL,四川永辉,杨凤琴,2,中铁物流,NULL
376,永辉南充市英伦城邦店,四川省南充市顺庆区望天坝英伦城邦永辉超市,06:21.4,59:53.9,13688237485,四川南充市--英伦城邦店,NULL,四川永辉,李莉,2,中铁物流,NULL
377,永辉成都市双楠店,四川省成都市武侯区红牌楼汇融新贵公馆永辉超市,06:21.4,59:43.0,15351226619,四川成都市--双楠店,NULL,四川永辉,余思凤,2,中铁物流,NULL
378,永辉成都市顺城大街店,四川省成都市顺城大街289号富力广场永辉超市,06:21.4,59:34.5,1,,NULL,四川永辉,1,2,中铁物流,NULL
379,永辉成都市北城天街店,四川省成都市金牛区蓉北商贸大道一段21号龙虎北城天街广场永辉超市,06:21.4,59:09.5,13438268018,四川成都市--北城天街店,NULL,四川永辉,明益兰,2,中铁物流,NULL
380,永辉成都市中铁大道店,四川省成都市光华大道（光华北三路口）成都青羊光华购物中心永辉超市,06:21.5,59:24.8,15208422118,四川成都市--中铁大道店,NULL,四川永辉,董琼,2,中铁物流,NULL
381,永辉南充市嘉南路店,四川省南充市嘉陵区嘉南路三段1号金宇盛世天城永辉超市,06:21.5,58:55.0,18990728790,四川南充市-嘉南路店,NULL,四川永辉,任蓉,2,中铁物流,NULL
382,永辉成都市海滨城购物中心,四川省成都市蛟龙工业港双流园区海滨城购物中心永辉超市,06:21.5,58:44.6,15184368275,四川成都市--海滨城购物中心店,NULL,四川永辉,向红平,2,中铁物流,NULL
383,永辉宜宾市滨江路店,四川省宜宾市沿江路（滨江路）银龙广场永辉超市,06:21.5,58:36.2,1,,NULL,四川永辉,1,2,美得物流,NULL
384,永辉成都市时代天街店,四川省成都市高新区西部园区龙湖时代天街永辉超市,06:21.5,58:23.6,13730697105,四川成都市-时代天街店,NULL,四川永辉,吴平,2,中铁物流,NULL
385,永辉成都市崇州金都汇店,四川省崇州市蜀州中路（学府街）永辉超市,06:21.5,58:12.7,15328025531,四川成都市--崇州金都汇店,NULL,四川永辉,粟秋,2,中铁物流,NULL
386,永辉成都市凯德天府店,四川省成都市天仁路388号凯德天府中心永辉超市,06:21.5,58:01.2,15202813765,四川成都市--凯德天府店,NULL,四川永辉,蒲芙蓉,2,中铁物流,NULL
387,永辉广安市滨河路店,四川省广安市广安区滨河路一段广安国际商业中心永辉超市,06:21.5,27:48.3,15982621852,四川广安市--滨河路店,NULL,四川永辉,唐玉兰,2,中铁物流,NULL
388,永辉成都市汇龙湾店,四川省成都市金牛区沙湾路1号汇龙湾广场永辉超市,06:21.5,17:46.6,13668304073,四川成都市--汇龙湾店,NULL,四川永辉,蒲雪梅,2,中铁物流,NULL
389,永辉宜宾市福临大道店,四川省宜宾市南溪县文化路西段（南一中后门旁）永辉超市,06:21.5,06:59.3,15283182372,四川宜宾市--福临大道店,NULL,四川永辉,覃元珍,2,京东物流,NULL
390,永辉成都市沙湾凯德广场店,四川省成都市金牛区二环路北一段10号凯德广场永辉超市,06:21.5,57:27.4,13558665189,四川成都市--沙湾凯德广场店,NULL,四川永辉,谢光情,2,中铁物流,NULL
391,永辉广元市广元万达店,四川省广元市利州区利州东路广元万达广场永辉超市,06:21.5,57:06.1,15282000971,四川广元市--广元万达店,NULL,四川永辉,余小华,2,中铁物流,NULL
392,永辉内江市内江万达店,四川省内江市东兴区汉安大道北侧万达广场永辉超市,06:21.6,06:46.0,15328726606,四川内江市--内江万达店,NULL,四川永辉,吴君,2,中铁物流,NULL
393,成都市华地财富广场店,四川省成都市金堂县赵镇滨江路二段金堂华地财富广场永辉超市,06:21.6,56:38.2,13541161585,四川成都市--华地财富广场店,NULL,四川永辉,杨虹,2,中铁物流,NULL
394,永辉成都市海伦国际店,四川省成都市新都区电子路172号海伦国际永辉超市,06:21.6,56:23.0,13568831033,四川成都市--海伦国际店,NULL,四川永辉,杨兄娃,2,中铁物流,NULL
395,永辉成都市皇冠国际店,四川省成都市龙泉驿区北泉路（北泉路）1018号皇冠国际永辉超市,06:21.6,59:14.0,18080977983,四川成都市--皇冠国际店,NULL,四川永辉,彭燕,2,中铁物流,NULL
396,永辉成都市上风港时代广场,四川省成都市武侯区金履路（金凤街）上风港时代广场永辉超市,06:21.6,33:04.7,158 2847 4796,四川成都市--上风港时代广场店,NULL,四川永辉,徐冬梅,2,中铁物流,NULL
397,永辉成都市金楠天街店,四川省成都市武侯区晋阳路晋吉西街188号龙湖金楠天街购物广场，永辉超市,06:21.6,55:52.4,184 8234 5185,四川成都市--金楠天街店,NULL,四川永辉,易艳玲,2,中铁物流,NULL
398,永辉成都市银泰城店,四川省成都市高新区天府四街（益州大道）成都银泰城永辉超市,06:21.6,58:15.5,191 4126 3859,四川成都市--银泰城店,NULL,四川永辉,康红娟,2,中铁物流,NULL
399,永辉德阳市中山大道店,四川省德阳广汉市中山大道南一段169号永辉超市,06:21.6,54:56.4,18160197892,四川德阳市--中山大道店,NULL,四川永辉,罗琳,2,美得物流,NULL
400,永辉成都市西单店,四川省成都市青羊区苏坡东路12号西单商场永辉超市,06:21.6,54:39.2,13541320756,四川成都市--西单店,NULL,四川永辉,张花萍,2,中铁物流,NULL
401,永辉成都市锦江城市花园店,四川省成都市锦江区香樟大道（海棠路）锦江城市花园永辉超市,06:21.6,28:12.0,13551189643,四川成都市--锦江城市花园店,NULL,四川永辉,易华琼,2,中铁物流,NULL
402,永辉成都市蜀都万达广场店,四川省成都市郫县蜀都万达广场永辉超市,06:21.6,45:46.3,18140170579,四川成都市--蜀都万达广场店,NULL,四川永辉,吴田田,2,中铁物流,NULL
403,永辉简阳雄州大道店,四川省资阳市简阳雄州大道南段与简州大桥交汇处永辉超市,06:21.7,53:53.4,18228238112,四川资阳市--简阳雄州大道店,NULL,四川永辉,吴碧群,2,中铁物流,NULL
404,永辉成都市成都电视塔店,四川省成都市猛追湾街94号四川广播电视塔影视文化永辉超市,06:21.7,56:59.9,18780255369,四川成都市--成都电视塔店,NULL,四川永辉,高红英,2,中铁物流,NULL
405,永辉绵阳市梓潼德诚时代广,四川省绵阳市梓潼县文昌镇崇文街永辉超市,06:21.7,38:12.0,18380550923,四川绵阳市--梓潼德诚时代广场店,NULL,四川永辉,牟美蓉,2,中铁物流,NULL
406,永辉泸州市万象汇店,四川省泸州市江阳区康城路一段1号泸州华润万象汇永辉超市,06:21.7,05:02.3,18008244904,四川泸州市--泸州万象汇店,NULL,四川永辉,廖元清,2,中铁物流,NULL
407,永辉青白江区天府欧城店,四川省成都市青白江区同华大道永辉超市,06:21.7,53:20.2,17323146315,四川成都市--天府欧城店,NULL,四川永辉,张瑜,2,中铁物流,NULL
408,永辉郫县时代豪庭广场店,四川省成都市郫县望丛中路时代豪庭广场永辉超市,06:21.7,53:01.2,13666278027,四川成都市--时代豪庭广场店,NULL,四川永辉,李妍妍,2,美得物流,NULL
409,永辉广安武胜县融恒时代广场店,四川省广安武胜县沿口镇兴武大道399号融恒时代广场永辉超市,06:21.7,52:33.4,18580004808,四川广安市--融恒时代广场店,NULL,四川永辉,谭明珠,2,天天快递,NULL
410,永辉达州市达州达川店,四川省达州市达川区二号干道升华广场永辉超市,06:21.7,52:00.0,13340670149,四川达州市--达州达川店,NULL,四川永辉,王典淑,2,中铁物流,NULL
411,永辉眉山市万景国际店,四川省成都市眉山市东坡区下西街与纱m杭交叉口东北侧永辉超市,06:21.7,51:43.2,18784429375,四川眉山市--万景国际店,NULL,四川永辉,张利辉,2,中铁物流,NULL
412,永辉安岳中央时代广场店,四川省资阳市安岳县柠都大道与秦九韶路交汇处东北角永辉超市,06:21.7,32:26.9,15984218507,四川资阳市--安岳中央时代广场店,NULL,四川永辉,王红梅,2,中铁物流,NULL
413,永辉宜宾江安南屏首座店,四川省宜宾市江安县夕佳大道与南屏大道交汇处西北角永辉超市,06:21.8,57:05.5,15283139049,四川宜宾市--江安南屏首座店,NULL,四川永辉,王武琼,2,天天快递,NULL
414,永辉乐山黄金时代店,四川省乐山市夹江县v城镇体育大道黄金时代永辉超市,06:21.8,43:31.1,13666278027,四川乐山市--乐山黄金时代店,NULL,四川永辉,李妍妍,2,京东快递,NULL
415,永辉绵阳市绵阳乐荟城店,绵阳市科创园区剑南路西段323号永辉超市,06:21.8,51:09.8,15082178669,四川绵阳市--绵阳乐荟城店,NULL,四川永辉,曾丽华,2,美得物流,NULL
416,永辉达州市宣汉巴人广场店,达州市宣汉县石岭大道与巴人大道交汇处永辉超市,06:21.8,50:58.4,18281825791,四川达州市--宣汉巴人广场店,NULL,四川永辉,刘艳,2,天天快递,NULL
417,永辉德阳市什邡天耀中心店,四川省什邡市蓥华山路北段永辉超市,06:21.8,50:38.6,18281075397,四川德阳市--什邡天耀中心店,NULL,四川永辉,杨雨,2,美得物流,NULL
418,永辉成都上古天地店,四川省成都市成华区龙潭路33号永辉超市,06:21.8,50:24.2,13438183521,四川成都市--成都上古天地店,NULL,四川永辉,刘登敏,2,中铁物流,NULL
419,永辉西充鹭岛天街店,四川省南充市西充县北部新城诚信大道永辉超市,06:21.8,50:11.0,152 9824 0956,四川南充市--西充鹭岛天街店,NULL,四川永辉,吴茂华,2,天天快递,NULL
420,永辉达州市渠县地旺广场店,四川省达州市渠县渠江镇后溪社区西岩路地旺广场永辉超市,06:21.8,13:11.5,15228000767,四川达州市--渠县地旺广场店,NULL,四川永辉,万娟,2,优速快递,NULL
421,永辉德阳泰山南路店,四川省德阳市泰山南路二段银鑫五洲广场永辉超市,06:21.8,35:32.4,15982907228,四川德阳市--德阳泰山南路店,NULL,四川永辉,陈仁俊,2,美得物流,NULL
422,永辉成都市新城市广场店,四川省成都市青羊区西大街与宁夏街交汇处永辉超市,06:21.9,03:49.6,156 0819 6568,四川成都市--新城市广场店,NULL,四川永辉,曾述群,2,中铁物流,NULL
423,四川新津县--新津店,新津县新悦广场永辉超市收货部,06:21.9,51:48.2,13684000173,四川新津县--新津店,NULL,四川永辉,鄢天会,2,天天快递,NULL
424,永辉成都市青龙广场店,四川省成都市成华区街道东林村青龙广场永辉超市,06:21.9,03:30.9,13540412463,四川l成都市--青龙广场店,NULL,四川永辉,张碧霞,2,中铁物流,NULL
425,永辉成都市新城吾悦广场店,四川省成都市武侯区武侯大道与武兴二路交汇处永辉超市,06:21.9,03:20.0,152 2894 6200,四川l成都市--新城吾悦广场店,NULL,四川永辉,肖雪彬,2,中铁物流,NULL
426,永辉四川彭州餮舻,四川省彭州市餍宋髀50号永辉超市,06:21.9,26:45.7,13551135579,四川彭州市--餮舻,NULL,四川永辉,肖萧,2,美得物流,NULL
427,永辉成都中铁仁禾广场店,四川省眉山市仁寿县仁寿大道延伸段与陵州大道交汇处永辉超市,06:21.9,02:42.3,13388244079,四川眉山市--中铁仁禾广场店,NULL,四川永辉,陈娇,2,天天快递,NULL
428,四川成都市--武侯万达店,四川省成都市武侯区聚龙路与万兴路交汇处永辉超市,06:21.9,37:04.4,13666278027,四川成都市--武侯万达店,NULL,四川永辉,李妍妍,2,中铁物流,NULL
429,永辉成都市双铁广场店,四川省成都市郫都区天府路与学园路交叉口永辉超市,06:21.9,02:18.5,18908083075,四川成都市--双铁广场店,NULL,四川永辉,米桂华,2,中铁物流,NULL
430,永辉成都市东方明珠店,四川省成都市成华区双建路8号永辉超市,06:21.9,33:38.9,18615703789,四川成都市--东方明珠店,NULL,四川永辉,王琴,2,中铁物流,NULL
431,永辉德阳市德阳店,四川省德阳市旌阳区庐山南路二段49永辉超市,06:21.9,01:51.0,13458498387,,NULL,四川永辉,叶凤英,2,美得物流,NULL
432,永辉成都市温江光华大道店,四川省成都市温江区光华大道三段与永兴路交汇处永辉超市,06:21.9,01:36.8,18244251201,四川成都市--温江光华大道店,NULL,四川永辉,苟红梅,2,中铁物流,NULL
433,永辉成都市抚琴南路店,四川省成都市金牛区永陵路与青羊北路交叉口东南（黄河商业城）永辉超市,06:22.0,59:58.3,137 0808 2612,四川成都市--抚琴南路店,NULL,四川永辉,陶春凤,2,中铁物流,NULL
434,永辉绵阳市花园路万达广场,四川省绵阳市花园路9号涪城万达广场,06:22.0,04:47.7,13648116801,四川绵阳市--花园路万达广场店,NULL,成都联营永辉,吴群,2,中铁物流,NULL
435,四川彭州食品用品DC,四川省成都市彭州市餮粽餍宋髀50号永辉超市,06:22.0,01:22.4,15184482273,,NULL,四川永辉,彭亚军,2,美得物流,NULL
436,永辉贵阳市枫丹白鹭店,贵州省贵阳市云岩区三桥改茶路中段(后坝路1号),06:22.0,11:32.9,18984039187,,NULL,贵州永辉,刘灿,2,迪丰专线物流,NULL
437,永辉贵阳市新添大道店,贵州省贵阳市乌当区新添大道国际公馆路1号,06:22.0,11:40.6,18884910421,,NULL,贵州永辉,杨菊,2,迪丰专线物流,NULL
438,永辉贵阳市新世界花园店,贵州省贵阳市金阳新区金西北路新世界花园,06:22.0,11:48.4,15285986596,,NULL,贵州永辉,王洁,2,迪丰专线物流,NULL
439,永辉黔南州（独山）盛源国际店,贵州省黔南布依族苗族自治州独山县城关镇南通北路盛源国际商住小,06:22.0,11:55.0,15338666667,,NULL,贵州永辉,冉秀敏,2,迪丰专线物流,NULL
440,永辉贵阳市花果园店,贵州省贵阳市南明区花果园大街1号花果园项目F区,06:22.0,12:04.4,15180738454,,NULL,贵州永辉,杨春巧,2,迪丰专线物流,NULL
441,永辉贵阳市中铁国际店,贵州省贵阳市南明区太慈桥青山路中铁国际水岸广场,06:22.0,12:12.1,1,,NULL,贵州永辉,1,2,迪丰专线物流,NULL
442,永辉黔西南州兴义店,贵州省黔西南州兴义市坪东路与崇文街交汇处,06:22.0,12:19.4,1,,NULL,贵州永辉,1,2,迪丰专线物流,NULL
443,永辉黔南州剑江中路店,贵州省匀市斗篷山路（天乐路）普罗旺斯,06:22.0,12:27.2,18485417760,,NULL,贵州永辉,罗开桃,2,迪丰专线物流,NULL
444,永辉铜仁思唐财富广场店,贵州省思南县城北大道思丰财富广场,06:22.1,12:36.2,18311763282,,NULL,贵州永辉,邹书芬,2,迪丰专线物流,NULL
445,永辉贵州开阳店,贵州省贵阳市开阳县开州大道（云开南路）云开国际,06:22.1,12:42.3,18275324280,,NULL,贵州永辉,雷志娥,2,迪丰专线物流,NULL
446,永辉遵义潞源广场店,贵州省遵义市绥阳县洋川镇红旗西路,06:22.1,12:48.9,15085603293,,NULL,贵州永辉,邓德平,2,迪丰专线物流,NULL
447,永辉贵州六盘水万达店,贵州省六盘水市钟山区麒麟路与碧云路十字西北角,06:22.1,14:28.4,13885842651,,NULL,贵州永辉,马雪莲,2,迪丰专线物流,NULL
448,永辉云南曲靖雄业金都店,,06:22.1,14:35.0,18984039187,,NULL,永辉,刘灿,2,迪丰专线物流,NULL
449,永辉贵州罗甸中央广场店,贵州省罗甸县河滨路、东环路、明珠路交汇处,06:22.1,14:41.3,18286436411,,NULL,贵州永辉,李光兰,2,迪丰专线物流,NULL
450,永辉贵州龙里名门时代广场,贵州省黔南州龙里县正大街与胜利街十字路口,06:22.1,14:48.8,18685072490,,NULL,贵州永辉,李仕菊,2,迪丰专线物流,NULL
451,永辉贵阳花果园大街店,贵州省贵阳市南明区都会大道花果园M区13-16栋,06:22.1,15:05.7,1,,NULL,贵州永辉,1,2,迪丰专线物流,NULL
452,永辉贵州金源购物中心店,贵州省贵阳市金阳新区金阳南路6号,06:22.1,15:13.5,18302589183,,NULL,贵州永辉,王明琼,2,迪丰专线物流,NULL
453,永辉贵阳市恒峰店,贵州省贵阳市中山西路59号恒峰步行街,06:22.1,15:21.3,18984039187,,NULL,贵州永辉,刘灿,2,迪丰专线物流,NULL
454,永辉贵阳市贵乌店,贵州省贵阳市云岩区贵乌北路15号常立商城,06:22.2,15:28.5,18786676884,,NULL,贵州永辉,胡敏,2,迪丰专线物流,NULL
455,永辉遵义市仁怀国酒大道店,贵州省仁怀市盐津办事处国酒大道羊子丫转盘东南侧,06:22.2,15:36.1,13511860671,,NULL,贵州永辉,王敏,2,迪丰专线物流,NULL
456,永辉六盘水市钟山中路店,贵州省六盘水市钟山中路与麒麟路交叉口西北角,06:22.2,15:43.0,18768789748,,NULL,贵州永辉,吴琼飞,2,迪丰专线物流,NULL
457,贵州贵阳食品用品DC,贵州省贵阳市观山湖区金华镇三铺村林东收费站旁美安物流园,06:22.2,54:55.5,1,,NULL,贵州永辉,1,2,美得物流,NULL
458,步步高长寿东方店,重庆市长寿区桃花大道58号,06:22.2,58:26.5,15703073936,,NULL,步步高,余敏,2,天天快递,NULL
460,渝北区步步高重庆回兴店,重庆 渝北区 兴科大道289号附27号,06:22.2,21:15.2,1,,NULL,步步高,1,1,,NULL
461,步步高重庆垫江店,重庆市垫江县桂溪街道垫江县中医院东侧,06:22.2,37:04.1,13896660961,,NULL,步步高,胡义平,2,中铁物流,NULL
462,渝北区步步高重庆汇祥店,重庆 渝北区 果塘路5号,06:22.2,21:10.4,1,,NULL,步步高,1,1,,NULL
463,步步高重庆永川中山路店,重庆市永川区玉屏路999号,06:22.2,36:55.1,15923502142,,NULL,步步高,刘义香,2,中铁物流,NULL
464,步步高永川梅西商业汇龙店,重庆市永川区城区汇龙国际,06:22.3,36:32.7,13500335637,,NULL,步步高,包香丽,2,中铁物流,NULL
465,沙坪坝区步步高凤鸣广场店,重庆市沙坪坝区凤天大道136号凤鸣广场,06:22.3,35:33.4,1,,NULL,步步高,1,1,,NULL
466,合川大润发,重庆市合川区交通街,06:22.3,21:22.4,15310180961,,NULL,大润发,何英,2,中铁物流,NULL
467,荣昌大润发,重庆市荣昌区西大街与宝城支路交汇处附近,06:22.3,59:53.2,17783267933,荣昌大润发,NULL,大润发,李霞,2,天天快递,NULL
468,綦江大润发,綦江名扬国际广场,06:22.3,35:42.9,13508332991,,NULL,大润发,郭双才,2,中铁物流,NULL
470,九龙坡区家乐福杨家坪,重庆市九龙坡区杨家坪正街26号附2号1层,06:22.3,39:52.2,1,,NULL,家乐福,1,1,,NULL
471,江北区家乐福金观音,重庆市江北区建新西路金观音广场2号,06:22.3,26:01.2,1,,NULL,家乐福,1,1,,NULL
472,渝中区家乐福棉花街,重庆市渝中区民族路18号新重庆广场内,06:22.3,33:43.8,1,,NULL,家乐福,1,1,,NULL
473,九龙坡区家乐福二郎店,重庆市九龙坡区火炬大道99号千叶商都广场负一楼,06:22.3,39:46.7,1,,NULL,家乐福,1,1,,NULL
474,沙坪坝区家乐福店,重庆市沙坪坝区小龙坎新街029号华宇广场3号B2楼,06:22.3,36:14.8,1,,NULL,家乐福,1,1,,NULL
475,九龙坡区家乐福袁家岗,重庆市九龙坡区袁家岗奥体路1号中新城上城内,06:22.4,39:42.7,1,,NULL,家乐福,1,1,,NULL
476,南岸区人人乐五公里,重庆市南岸区五公里学府大道69号,06:22.4,19:23.5,1,人人乐五公里,NULL,人人乐,1,1,,NULL
477,九龙坡区人人乐渝州店,重庆市九龙坡区渝州路华宇名都29号,06:22.4,47:48.4,1,人人乐渝州店,NULL,人人乐,1,1,,NULL
479,江北区人人乐鲁能新城店,重庆市渝北区尚品大道778号,06:22.4,46:55.6,1,人人乐鲁能新城店,NULL,人人乐,1,1,,NULL
480,巴南区人人乐九公里店,重庆市巴南区渝南大道民主新村,06:22.4,27:44.6,1,人人乐九公里店,NULL,人人乐,1,1,,NULL
481,沃尔玛万州太白路店,重庆市万州区太白路99号福斯德广场沃尔玛超市,06:22.4,32:00.6,15320715069,沃尔玛购物广场万州太白路分店,NULL,沃尔玛,周代殊,2,中铁物流,NULL
482,沃尔玛永川店,重庆市永川区渝西广场负1楼,06:22.4,55:43.5,18581280601,沃尔玛购物广场永川渝西广场分店,NULL,沃尔玛,赵祖容,2,中铁物流,NULL
483,大渡口区沃尔玛松青路分店,重庆市大渡口区松青路1029号春光购物广场,06:22.4,53:53.3,1,沃尔玛购物广场重庆松青路分店,NULL,沃尔玛,1,1,,NULL
484,渝中区沃尔玛大礼堂店,重庆市渝中区人民路169号,06:22.4,33:48.8,1,,NULL,沃尔玛,1,1,,NULL
485,九龙坡区沃尔玛九龙广场店,重庆市九龙坡区西郊三村2号凯德广场,06:22.4,21:29.2,1,,NULL,沃尔玛,1,1,,NULL
486,江北区沃尔玛北城天街,重庆市江北区北城天街33号东和城,06:22.4,26:11.1,1,,NULL,沃尔玛,1,1,,NULL
487,南岸区好又多重庆南坪店,南坪正街1号，南坪沃尔玛,06:22.5,22:55.8,1,,NULL,沃尔玛,1,1,,NULL
488,沙坪坝区沃尔玛凤天路店,重庆市沙坪坝区凤天大道凤天路29号易城国际,06:22.5,35:28.6,1,,NULL,沃尔玛,1,1,,NULL
489,渝北区沃尔玛胜利路店（金港）,重庆市渝北区滨港路49号喜地山・金港国际F2层,06:22.5,46:56.8,1,沃尔玛购物广场重庆渝北胜利路店,NULL,沃尔玛,1,1,,NULL
490,沙坪坝区好又多欣阳广场店,重庆市沙坪坝区沙坪坝正街8号欣阳广场,06:22.5,38:04.9,1,,NULL,沃尔玛,1,1,,NULL
491,江北区沃尔玛冉家坝店,重庆市渝北区龙山大道111号龙湖紫都城内,06:22.5,26:20.2,1,,NULL,沃尔玛,1,1,,NULL
492,渝中区易初莲花日月光店,重庆市较场口日月光广场B1层,06:22.5,33:52.8,1,,NULL,易初莲花,1,1,,NULL
493,渝北区易初莲花龙湖店,重庆市渝北区新南路36号,06:22.6,20:59.8,1,龙湖店,NULL,易初莲花,1,1,,NULL
494,江北区易初莲花洋河店,重庆市江北区红黄路94号,06:22.6,18:47.7,1,洋河店,NULL,易初莲花,1,1,,NULL
495,新世纪遂宁新都-超市,四川省遂宁市船山区大东街99号新世纪超市,06:22.6,53:12.8,13118203702,重庆商社新世纪百货连锁经营有限公司遂宁新都-超市,NULL,四川新世纪,李碧均,2,中铁物流,NULL
496,渝北区新世纪金渝大道店,重庆市渝北区北部新区金渝大道新世纪百货金渝大道店,06:22.6,08:06.6,18996313112,重庆商社新世纪百货连锁经营有限公司金渝大道店,NULL,重庆新世纪,唐伟,1,,NULL
497,新世纪万州商都-超市,重庆万州区太白路2号新世纪万州商都负一楼超市韩束专柜新世纪超市,06:22.6,53:15.0,15320710732,重庆商社新世纪百货连锁经营有限公司万州商都-超市,NULL,重庆新世纪,周建蓉,2,中铁物流,NULL
498,九龙坡区新世纪石桥铺店,重庆市高新区石桥铺“万国商业城”23号,06:22.6,17:38.6,15826077133,重庆商社新世纪百货连锁经营有限公司石桥铺店,NULL,重庆新世纪,詹启群,1,,NULL
499,重百江津时代广场店,重庆江津区几江镇时代广场重百店,06:22.6,03:03.6,13527374962,【重百】重庆商社新世纪百货连锁经营有限公司江津时代广场店,NULL,重百,万雪梅,2,中铁物流,NULL
500,新世纪云阳店,重庆市云阳县长清北路29号新世纪超市,06:22.6,53:33.2,13594859855,重庆商社新世纪百货连锁经营有限公司云阳店,NULL,重庆新世纪,向红,2,中铁物流,NULL
501,重百永川中心店,重庆市永川区广场街光华大道1号重百永川中心店重百超市,06:22.6,59:38.5,18725856890,【重百】重庆百货大楼股份有限公司永川中心店,NULL,重庆百货,周春,2,中铁物流,NULL
502,新世纪涪陵商都-超市,新世纪百货涪陵商都(兴华中路34号)新世纪超市,06:22.6,33:15.4,13452545922,重庆商社新世纪百货连锁经营有限公司涪陵商都-超市,NULL,重庆新世纪,熊兴玲,2,中铁物流,NULL
503,江北区新世纪加州店,重庆市江北区加州花园龙华大道新世纪百货加州店,06:22.7,59:30.0,15086920674,重庆商社新世纪百货连锁经营有限公司加州店,NULL,重庆新世纪,黄荣美,1,,NULL
504,重庆新世纪大足商都-超市,重庆市大足区龙中路89号新世纪超市,06:22.7,37:42.7,18875045380,重庆百货大楼股份有限公司新世纪大足商都-超市,NULL,新世纪,王文平,2,中铁物流,NULL
505,新世纪垫江店,垫江县南街86号新世纪超市,06:22.7,54:46.5,18325070028,重庆商社新世纪百货连锁经营有限公司垫江店,NULL,重庆新世纪,邱万琼,2,中铁物流,NULL
506,新世纪南充商都-超市,四川南充人民南路66号，新世纪超市,06:22.7,29:56.7,15984802322,重庆商社新世纪百货连锁经营有限公司南充商都-超市,NULL,四川新世纪,黎引花,2,中铁物流,NULL
508,新世纪万州周家坝店,重庆市万州区天城大道943号新世纪,06:22.7,54:49.6,18883623530,重庆商社新世纪百货连锁经营有限公司周家坝店,NULL,重庆新世纪,黎娟,2,中铁物流,NULL
509,新世纪开县商都-超市,重庆重庆市开县开州区开州大道88号新世纪超市,06:22.7,09:54.3,15202327946,重庆商社新世纪百货连锁经营有限公司开州商都超市,NULL,重庆新世纪,姜正燕,2,中铁物流,NULL
511,新世纪云阳外滩店,重庆重庆市云阳县沿江大道与外滩广场步行街交汇处东北新世纪超市,06:22.7,01:03.8,15123434349,重庆商社新世纪百货连锁经营有限公司外滩店,NULL,重庆新世纪,扶玉梅,2,中铁物流,NULL
512,重百酉阳店,重庆酉阳县钟多镇西伸广场重百超市,06:22.7,54:11.4,13594982522,【重百】重庆商社新世纪百货连锁经营有限公司酉阳店,NULL,重庆百货,凡树容,2,中铁物流,NULL
513,新世纪沙坪坝大学城店,重庆市沙坪坝区美丽熙街24号楼新世纪超市,06:22.8,38:03.1,15803075148,重庆商社新世纪百货连锁经营有限公司大学城店,NULL,重庆新世纪,任关琴,2,中铁物流,NULL
514,新世纪奉节店,奉节县人民广场新世纪超市,06:22.8,24:27.1,18323517576,重庆商社新世纪百货连锁经营有限公司奉节店,NULL,重庆新世纪,李庆珍,2,中铁物流,NULL
515,沙坪坝区新世纪梨树湾店,重庆市沙坪坝区红槽房正街梨树湾新世纪超市,06:22.8,07:38.7,13002329345,重庆商社新世纪百货连锁经营有限公司梨树湾店,NULL,重庆新世纪,张良凤,1,,NULL
516,渝北区重百渝北中心店,重庆市渝北区义学路2号重百超市渝北店,06:22.8,05:39.9,13667665886,【重百】重庆商社新世纪百货连锁经营有限公司渝北中心店,NULL,重百,胡娜,1,,NULL
517,新世纪綦江商都生活馆,重庆是綦江区中山路古南街綦江生活馆新世纪超市,06:22.8,04:57.1,13608346335,重庆商社新世纪百货连锁经营有限公司綦江商都生活馆,NULL,重庆新世纪,杨云琴,2,中铁物流,NULL
518,巴南区新世纪巴南店,重庆市巴南区新市街60号协信购物广场,06:22.8,28:21.6,13883452533,重庆商社新世纪百货连锁经营有限公司巴南店,NULL,重庆新世纪,刘亚,1,,NULL
519,沙坪坝区新世纪凯瑞商都生活馆,重庆市沙坪坝双巷子新世纪超市,06:22.8,34:59.1,15923140950,重庆商社新世纪百货连锁经营有限公司凯瑞商都生活馆,NULL,重庆新世纪,杨泽勇,1,,NULL
521,南岸区新世纪弹子石店,重庆市南岸区弹子石正街26号,06:22.8,01:43.2,17623613668,重庆商社新世纪百货连锁经营有限公司弹子石店,NULL,重庆新世纪,谭弟坤,1,,NULL
522,渝北区新世纪渝北店,重庆市渝北区渝航路新世纪百货渝北店,06:22.9,15:30.5,13508331786,重庆商社新世纪百货连锁经营有限公司渝北店,NULL,重庆新世纪,杨惠,1,,NULL
524,南岸区新世纪五小区店,重庆市南岸区桃源路89号五小区新世纪超市,06:22.9,21:12.9,17843868001,重庆商社新世纪百货连锁经营有限公司五小区店,NULL,重庆新世纪,况正美,1,,NULL
525,江北区新世纪南桥寺店,重庆市江北区盘溪路新世纪百货南桥寺店,06:22.9,06:21.9,15111848970,重庆商社新世纪百货连锁经营有限公司南桥寺店,NULL,重庆新世纪,姜丽萍,1,,NULL
526,新世纪綦江商都-超市,重庆市綦江区文龙街道九龙大道凯旋名城凯旋天街新世纪超市,06:22.9,07:49.3,19122504885,重庆商社新世纪百货连锁经营有限公司綦江商都-超市,NULL,重庆新世纪,张先芳,2,中铁物流,NULL
527,沙坪坝区新世纪汉渝路店,重庆市沙坪坝区汉渝路162号,06:22.9,30:56.2,1,新世纪超市汉渝路店,NULL,重庆新世纪,1,1,,NULL
528,重百-璧山商场,重庆市璧山区璧城镇金剑路128号重百超市,06:22.9,00:45.8,13508356220,【重百】重庆百货大楼股份有限公司璧山商场-超市,NULL,重庆百货,周燕,2,中铁物流,NULL
529,巴南区新世纪李家沱店,重庆市巴南区李家沱正街160号,06:22.9,38:10.0,1,重庆商社新世纪百货连锁经营有限公司李家沱店,NULL,重庆新世纪,1,1,,NULL
530,江北区重百观音桥店,重庆市江北区观音桥步行街重百超市观音桥店,06:22.9,07:24.7,13650584898,【重百】重庆商社新世纪百货连锁经营有限公司观音桥店,NULL,重百,肖燕,1,,NULL
531,重庆百货铜梁龙城店,重庆市铜梁区巴川街道和平路43号重百超市,06:22.9,26:06.3,18166463961,【重百】重庆百货大楼股份有限公司铜梁龙城店,NULL,重庆百货,邓宇红,2,中铁物流,NULL
532,江北区新世纪世纪新都-超市,重庆市江北区观音桥步行街新世纪百货世纪新都店,06:23.0,23:45.1,15023134241,重庆商社新世纪百货连锁经营有限公司世纪新都-超市,NULL,重庆新世纪,舒可玉,1,,NULL
534,渝北区新世纪康庄美地店,重庆市渝北区金通大道新世纪百货康庄美地店,06:23.0,15:32.2,18323881252,重庆商社新世纪百货连锁经营有限公司康庄美地店,NULL,重庆新世纪,谢启琴,1,,NULL
535,重百长寿桃花店,重庆市长寿区桃花凤城向阳路16号,06:23.0,15:43.9,13883091105,【重百】重庆商社新世纪百货连锁经营有限公司桃花店,NULL,重百,龙丽,2,中铁物流,NULL
536,新世纪云阳丽江景苑店,重庆云阳县县城内云阳滨江大道669号新世纪丽江景苑店2209,06:23.0,44:58.6,18523934321,重庆商社新世纪百货连锁经营有限公司丽江景苑店,NULL,重庆新世纪,周玲,2,中铁物流,NULL
537,渝中区重百解放碑英利店,重庆市渝中区民权路26号英利大融城新世纪百货英利店,06:23.0,18:47.3,15922911072,【重百】重庆商社新世纪百货连锁经营有限公司解放碑英利店,NULL,重百,唐云梅,1,,NULL
538,新世纪南川商都-超市,重庆市南川区南大街与钟楼街交叉路口新世纪百货南川商都店,06:23.0,34:48.7,13983328148,重庆商社新世纪百货连锁经营有限公司南川商都-超市,NULL,重庆新世纪,范冬梅,2,中铁物流,NULL
539,九龙坡区新世纪石杨路店,重庆市石坪桥正街116号平街一层新世纪超市,06:23.0,33:49.1,18908371514,重庆商社新世纪百货连锁经营有限公司石杨路店,NULL,重庆新世纪,宋晏,1,,NULL
540,重百彭水店,重庆市彭水县小转盘重百超市,06:23.0,56:07.1,18716902410,【重百】重庆商社新世纪百货连锁经营有限公司彭水店,NULL,重百,杨义英,2,天天快递,NULL
541,新世纪丰都店,重庆市丰都县丰城路26号新世纪超市,06:23.0,40:09.8,15213665695,重庆商社新世纪百货连锁经营有限公司丰都店,NULL,重庆新世纪,孙龙玉,2,中铁物流,NULL
542,江北区新世纪D柒商都东原店,重庆市江北区红盛路37号新世纪百货东原店,06:23.1,24:50.8,13752973969,重庆商社新世纪百货连锁经营有限公司D柒商都-超市/东原,NULL,重庆新世纪,杜红群,1,,NULL
543,沙坪坝区新世纪烈士墓店,重庆市沙坪坝区壮志路新世纪超市,06:23.1,43:19.6,17708319103,重庆商社新世纪百货连锁经营有限公司烈士墓店,NULL,重庆新世纪,黄海兰,1,,NULL
544,重百北碚一店,重庆市北碚区天生街道天生丽街中山一路66号重百超市,06:23.1,09:17.0,17320311871,【重百】重庆商社新世纪百货连锁经营有限公司北碚一店,NULL,重百,湛永萍,2,中铁物流,NULL
545,九龙坡区新世纪渝州新城店,重庆市九龙坡石新路33号,06:23.1,20:01.1,15523837564,重庆商社新世纪百货连锁经营有限公司渝州新城店,NULL,重庆新世纪,刘素清,1,,NULL
546,渝中区重百解放碑新华店,重庆市渝中区邹容路重百超市新华店,06:23.1,04:48.7,13640519336,【重百】重庆商社新世纪百货连锁经营有限公司解放碑新华店,NULL,重百,喻新莲,1,,NULL
547,巴南区重百龙洲湾店,重庆市巴南区龙洲湾商业区102号,06:23.1,51:19.0,17725010748,【重百】重庆商社新世纪百货连锁经营有限公司龙洲湾店,NULL,重百,陶丽,1,,NULL
548,渝中区新世纪大坪商都时代天街店,重庆市渝中区龙湖时代天街新世纪百货龙湖时代天街店,06:23.2,51:19.5,1,重庆商社新世纪百货连锁经营有限公司大坪商都-超市/时代天街店,NULL,重庆新世纪,1,1,,NULL
549,新世纪奉节商都-超市,重庆市奉节滨江国际新世纪商都超市,06:23.2,01:00.7,18223831155,重庆百货大楼股份有限公司新世纪百货奉节商都-超市,NULL,新世纪,姜正蓉,2,中铁物流,NULL
550,南岸区新世纪海棠晓月店,重庆市南岸区海棠路3号新世纪超市,06:23.2,49:07.5,13271961915,重庆商社新世纪百货连锁经营有限公司海棠晓月店,NULL,重庆新世纪,周仁华,1,,NULL
551,巴南区新世纪鱼胡路店,重庆市巴南区龙洲湾街道一城龙州9号鱼胡路新世纪超市,06:23.2,30:53.0,13594361418,重庆商社新世纪百货连锁经营有限公司鱼胡路店,NULL,重庆新世纪,穆利,1,,NULL
552,新世纪大足店,重庆市大足县老北街大足商城-1楼,06:23.2,28:31.9,13452194327,重庆商社新世纪百货连锁经营有限公司大足店,NULL,重庆新世纪,黄仓秀,2,中铁物流,NULL
553,大渡口区新世纪建设村店,大渡口钢花路66号新世纪超市,06:23.2,19:42.8,13452815705,重庆商社新世纪百货连锁经营有限公司建设村店,NULL,重庆新世纪,冯绍辉,1,,NULL
554,巴南区重百巴南商都-超市,重庆市巴南区新市街80号商社汇巴南商都新世纪超市,06:23.3,46:47.1,17783094014,【重百】重庆百货大楼股份有限公司新世纪百货巴南商都-超市,NULL,重庆新世纪,刘秀义,1,,NULL
555,九龙坡区新世纪瑞成商都-超市,重庆市九龙坡区杨家坪步行街2号,06:23.3,24:55.5,1,重庆商社新世纪百货连锁经营有限公司瑞成商都-超市,NULL,重庆新世纪,1,1,,NULL
556,江北区新世纪民心佳园店,重庆市渝北区民心路新世纪百货民心佳园店,06:23.3,15:05.5,13452738586,重庆商社新世纪百货连锁经营有限公司民心佳园店,NULL,重庆新世纪,樊梅,1,,NULL
557,南岸区新世纪江南商都生活馆,重庆市南岸区步行街227号新世纪超市,06:23.3,39:47.3,13983708362,重庆商社新世纪百货连锁经营有限公司江南商都生活馆,NULL,重庆新世纪,陈霞,1,,NULL
558,九龙坡区新世纪老顶坡店,重庆市九龙坡石新路218号,06:23.3,51:55.3,,重庆商社新世纪百货连锁经营有限公司老顶坡店,NULL,重庆新世纪,1,1,,NULL
559,渝中区重百临江店,重庆市渝中区邹容路重百超市临江店,06:23.3,12:27.6,13996021107,【重百】重庆商社新世纪百货连锁经营有限公司临江店,NULL,重庆重百,陈静,1,,NULL
560,重庆百货丰都商场-超市,重庆重庆市丰都县丰都县三合镇名山大道重百超市,06:23.4,04:16.3,17830364853,【重百】重庆百货大楼股份有限公司丰都商场-超市,NULL,重庆百货,谭启娟,2,中铁物流,NULL
561,重庆百货涪陵商场-超市,重庆市涪陵区南门山朝华新城A栋附一楼重百超市,06:23.4,55:51.7,13098755688,【重百】重庆百货大楼股份有限公司涪陵商场-超市,NULL,重庆百货,王永会,2,中铁物流,NULL
562,江北区新世纪建新东路店,重庆市江北区建新东路阳光海岸新世纪百货建新东路店,06:23.4,00:44.5,18166488138,重庆商社新世纪百货连锁经营有限公司建新东路店,NULL,重庆新世纪,粱昌丽,1,,NULL
563,新世纪潼南新城店,重庆市潼南区新城路12号新世纪超市,06:23.4,21:33.4,18225016565,重庆商社新世纪百货连锁经营有限公司潼南新城店,NULL,重庆新世纪,唐红梅,2,中铁物流,NULL
564,重庆百货秀山商场-超市,重庆市秀山县花灯广场商业圈重百超市,06:23.5,05:24.7,13638204758,【重百】重庆百货大楼股份有限公司秀山商场-超市,NULL,重庆百货,梁海燕,2,中铁物流,NULL
565,九龙坡区新世纪杨家坪店,重庆市九龙坡区西郊路2号附2号,06:23.5,33:12.2,15826077133,重庆商社新世纪百货连锁经营有限公司杨家坪店,NULL,重庆新世纪,詹启群,1,,NULL
566,新世纪潼南嘉瑞店,重庆市潼南区新世纪嘉瑞店,06:23.7,02:41.1,17783620951,重庆商社新世纪百货连锁经营有限公司潼南嘉瑞店,NULL,重庆新世纪,周飞燕,2,中铁物流,NULL
567,重庆百货万州商场-超市,万州区白岩路重百超市,06:23.7,50:05.4,13896399461,【重百】重庆百货大楼股份有限公司万州商场-超市,NULL,重庆百货,陈章兰,2,中铁物流,NULL
568,新世纪巫山店,重庆市万州区巫山仁长路23号新世纪超市,06:23.7,55:44.9,15823708243,重庆商社新世纪百货连锁经营有限公司巫山店,NULL,重庆新世纪,张炜,2,京东物流,NULL
569,巴南区新世纪大江店,重庆市巴南区鱼洞黄溪街105号新世纪超市,06:23.7,37:36.5,18983040335,重庆商社新世纪百货连锁经营有限公司大江店,NULL,重庆新世纪,施小梅,1,,NULL
570,江北区新世纪黄泥Y店,重庆市渝北区红黄路新世纪百货黄泥磅店,06:23.7,00:16.1,13678455444,重庆商社新世纪百货连锁经营有限公司黄泥Y店,NULL,重庆新世纪,陈素梅,1,,NULL
571,南岸区新世纪黄桷垭店,重庆市南岸区黄桷垭学文路332号新世纪超市,06:23.8,31:27.1,15123071553,重庆商社新世纪百货连锁经营有限公司黄桷垭店,NULL,重庆新世纪,张礼容,1,,NULL
572,渝中区新世纪美专校街店,重庆市渝中区美专校街新世纪百货美专校街店,06:23.8,01:31.9,18323237621,重庆商社新世纪百货连锁经营有限公司美专校街店,NULL,重庆新世纪,韩建英,1,,NULL
573,九龙坡区新世纪锦绣广场店,重庆市九龙坡区福茄路锦绣时代新世纪超市,06:23.8,18:42.9,13220305028,重庆商社新世纪百货连锁经营有限公司锦绣广场店,NULL,重庆新世纪,王建容,1,,NULL
574,新世纪涪陵区李渡店,涪陵李渡新世纪超市,06:23.8,01:35.9,13594530192,【重百】重庆商社新世纪百货连锁经营有限公司李渡店,NULL,新世纪,张俊利,2,中铁物流,NULL
575,南岸区新世纪光电路店,重庆市南岸区光电路18号新世纪超市,06:23.8,14:25.2,185 0235 9043,重庆商社新世纪百货连锁经营有限公司光电路店,NULL,重庆新世纪,何静,1,,NULL
576,江北区重百鲁能新城店,重庆市渝北区渝鲁大道重百超市鲁能星城店,06:23.8,10:47.0,13527432205,【重百】重庆商社新世纪百货连锁经营有限公司鲁能星城店,NULL,重百,高宝霞,1,,NULL
578,重百北碚二店,重庆市北碚区云泉路6号北碚二店重百超市,06:23.9,53:47.7,13627602133,【重百】重庆商社新世纪百货连锁经营有限公司北碚二店,NULL,重百,邵元秀,2,中铁物流,NULL
579,重百龙湖大学城店,重庆市沙坪坝区大学城中路20-41号重百超市,06:23.9,48:32.3,13036330406,【重百】重庆商社新世纪百货连锁经营有限公司龙湖大学城店,NULL,重百,冯家玉,2,中铁物流,NULL
580,大渡口区新世纪松青路店,大渡口区蓝谷小镇松青路新世纪超市,06:23.9,11:51.7,15086956147,重庆商社新世纪百货连锁经营有限公司松青路店,NULL,重庆新世纪,王晓蓉,1,,NULL
581,新世纪垫江新城店,重庆市垫江县垫江新城新世纪超市,06:23.9,02:07.3,18996825996,重庆商社新世纪百货连锁经营有限公司垫江新城店,NULL,重庆新世纪,覃进平,2,中铁物流,NULL
582,南岸区新世纪回龙路店,重庆市南岸区万友七季城B区29-35号新世纪超市,06:23.9,11:50.3,15023038445,重庆商社新世纪百货连锁经营有限公司回龙路店,NULL,重庆新世纪,游桂梅,1,,NULL
583,渝北区重百龙湖水晶郦城店,重庆市渝北区新南路重百超市水晶郦城店,06:23.9,06:51.7,13018352665,【重百】重庆商社新世纪百货连锁经营有限公司龙湖水晶郦城店,NULL,重百,何春秋,1,,NULL
584,新世纪广安市邻水商都-超市,四川省广安市广宁路248号邻水商都新世纪超市,06:23.9,16:44.1,15882565971,重庆商社新世纪百货连锁经营有限公司邻水商都-超市,NULL,四川新世纪,冯丹,2,天天快递,NULL
585,沙坪坝区新世纪天星桥店,重庆市沙坪坝区天星桥正街63号,06:23.9,02:13.2,15922782859,重庆商社新世纪百货连锁经营有限公司天星桥店,NULL,重庆新世纪,高家君,1,,NULL
586,大渡口区新世纪商都-超市,重庆市大渡口区春晖路街道松青路1011号裙楼负新世纪商都,06:24.0,52:18.8,,重庆商社新世纪百货连锁经营有限公司大渡口商都-超市,NULL,重庆新世纪,1,1,,NULL
587,渝北区重百龙湖江与城店,重庆市渝北区天山大道重百超市江与城店,06:24.0,12:58.1,13389606590,【重百】重庆商社新世纪百货连锁经营有限公司龙湖江与城店,NULL,重百,税群珍,1,,NULL
588,重庆百货云阳商场-超市,重庆市云阳县双江镇云江大道1253号,06:24.0,18:17.3,18184706587,【重百】重庆百货大楼股份有限公司云阳商场-超市,NULL,重庆百货,陈海燕,2,中铁物流,NULL
589,九龙坡区新世纪黄桷坪店,重庆九龙坡区黄桷坪街道黄桷坪新世纪超市,06:24.0,51:37.0,13436081711,重庆商社新世纪百货连锁经营有限公司黄桷坪店,NULL,重庆新世纪,刘芳,1,,NULL
590,重百四川泸州市合江店,四川省泸州市合江县建设路下段少岷广场内重百超市,06:24.0,57:23.8,18208393632,【重百】重庆商社新世纪百货连锁经营有限公司合江店,NULL,重百,王城琼,2,京东物流,NULL
591,新世纪江津店,重庆市江津区瑞安南路25号祥瑞水木年华青木苑售楼中心1楼1号新世纪超市,06:24.0,52:13.6,13452923701,重庆商社新世纪百货连锁经营有限公司江津店,NULL,重庆新世纪,李英,2,中铁物流,NULL
592,重庆百货北碚商场-超市,重庆市北碚区天生新村63号重百超市,06:24.0,02:04.9,15123863451,【重百】重庆百货大楼股份有限公司北碚商场-超市,NULL,重庆百货,泉梅,2,中铁物流,NULL
593,沙坪坝区新世纪小龙坎店,重庆市沙坪坝区小龙坎正街17号,06:24.0,53:48.2,15923955941,重庆商社新世纪百货连锁经营有限公司小龙坎店,NULL,重庆新世纪,杨俊秀,1,,NULL
594,渝北区新世纪万科悦峰门店,重庆市渝北区金开大道新世纪百货万科悦峰店,06:24.0,19:57.5,15723312260,重庆商社新世纪百货连锁经营有限公司万科悦峰门店,NULL,重庆新世纪,李小琴,1,,NULL
595,渝北区新世纪龙华大道店,重庆市渝北区金龙路财信城市国际新世纪百货龙华大道店,06:24.1,08:32.3,15520093186,重庆商社新世纪百货连锁经营有限公司龙华大道店,NULL,重庆新世纪,杨玉梅,1,,NULL
596,南岸区新世纪丹龙路店,重庆市南岸区丹龙路18号新世纪超市,06:24.1,07:28.5,13883283890,重庆商社新世纪百货连锁经营有限公司丹龙路店,NULL,重庆新世纪,王建英,1,,NULL
597,新世纪北碚新城店,重庆北碚区新城路345号新世纪超市,06:24.1,53:18.9,15923005531,重庆商社新世纪百货连锁经营有限公司北碚新城店,NULL,重庆新世纪,万清旭,2,中铁物流,NULL
598,渝中区新世纪学田湾店,重庆市渝中区学田湾正街新世纪百货学田湾店,06:24.1,31:47.5,13399817023,重庆商社新世纪百货连锁经营有限公司学田湾店,NULL,重庆新世纪,曾渝,1,,NULL
599,江北区新世纪新牌坊店,重庆市龙溪街道新牌坊二路119号,06:24.1,47:35.8,1,重庆商社新世纪百货连锁经营有限公司新牌坊店,NULL,重庆新世纪,1,1,,NULL
600,渝中区新世纪肖家湾店,重庆市渝中区长江二路新世纪百货肖家湾店,06:24.1,04:15.4,18680831605,重庆商社新世纪百货连锁经营有限公司肖家湾店,NULL,重庆新世纪,邹永可,1,,NULL
601,渝北区重百空港店,重庆市渝北区双凤桥街道空港大道重百超市空港店,06:24.1,11:49.4,18002341766,【重百】重庆商社新世纪百货连锁经营有限公司渝北空港店,NULL,重百,张亚,1,,NULL
602,江北区新世纪鸿恩寺店,重庆市江北区翠海朗园新世纪百货鸿恩寺店,06:24.2,17:15.1,13368282169,重庆商社新世纪百货连锁经营有限公司鸿恩寺店,NULL,重庆新世纪,甘惠,1,,NULL
603,渝北区新世纪兴科四路店,重庆市渝北区回兴街道60号,06:24.5,50:34.5,1,重庆商社新世纪百货连锁经营有限公司兴科四路店,NULL,重庆新世纪,1,1,,NULL
604,九龙坡区新世纪黄杨路店,重庆市渝中区九龙坡渝中半岛黄杨路新世纪百货黄杨路店,06:24.6,17:43.3,15123649729,重庆商社新世纪百货连锁经营有限公司黄杨路店,NULL,重庆新世纪,龚仁琼,1,,NULL
605,九龙坡区新世纪火炬大道店,重庆九龙坡区红狮大道5-16号新世纪超市,06:24.6,56:14.7,15123166351,重庆商社新世纪百货连锁经营有限公司火炬大道店,NULL,重庆新世纪,秦德均,1,,NULL
606,渝北区新世纪空港店,重庆市渝北区港汇路45号,06:24.6,36:10.6,1,【重百】重庆商社新世纪百货连锁经营有限公司渝北空港店,NULL,重庆新世纪,1,1,,NULL
607,渝北区重百长安丽都店,重庆市渝北区洋河东路新世纪百货长安丽都店,06:24.6,03:03.3,15223276877,【重百】重庆商社新世纪百货连锁经营有限公司长安丽都店,NULL,重百,杨容,1,,NULL
608,重庆百货潼南商场-超市,重庆是潼南区外滩西路3重百潼南商场重百超市,06:24.7,28:55.2,15923911689,【重百】重庆百货大楼股份有限公司潼南商场-超市,NULL,重庆百货,唐良英,2,中铁物流,NULL
609,渝北区新世纪双龙店,重庆市渝北双龙大道357号,06:24.7,44:53.5,1,,NULL,重庆新世纪,1,1,,NULL
610,渝中区新世纪大坪店,重庆市渝中区长江二路121号惠来大厦,06:24.7,28:16.0,1,,NULL,重庆新世纪,1,1,,NULL
611,九龙坡区新世纪石油路店,不收快递司机送，重庆市渝中区石油路新世纪百货石油路店,06:24.7,51:04.6,1,重庆商社新世纪百货连锁经营有限公司石油路店,NULL,重庆新世纪,1,1,,NULL
612,重庆百货大楼梁平商场-超市,重庆梁平人民广场1号重百超市,06:24.7,59:13.6,13896293779,【重百】重庆百货大楼股份有限公司梁平商场-超市,NULL,重庆百货,严玮琳,2,中铁物流,NULL
613,江北区新世纪五里店,重庆市江北区五里店建新东路新世纪百货五里店店,06:24.7,07:27.0,18580872590,重庆商社新世纪百货连锁经营有限公司五里店店,NULL,重庆新世纪,杨华,1,,NULL
614,重百四川岳池店,四川省广安市岳池县维安街126号,06:24.7,57:11.4,13568380077,【重百】重庆商社新世纪百货连锁经营有限公司岳池店,NULL,重百,张胜华,2,京东物流,NULL
615,江北区新世纪溉澜溪店,重庆市江北区海尔路新世纪百货溉澜溪店,06:24.8,05:50.7,18696745765,重庆商社新世纪百货连锁经营有限公司溉澜溪店,NULL,重庆新世纪,冯冰燕,1,,NULL
616,江北区新世纪新溉路店,重庆市渝北区龙溪街道新溉大道18号国宾城新世纪百货新溉路店,06:24.8,57:55.9,1,重庆商社新世纪百货连锁经营有限公司新溉路店,NULL,重庆新世纪,1,1,,NULL
617,沙坪坝区新世纪土湾店,,06:24.8,48:47.4,1,新世纪沙坪坝区土湾店,NULL,重庆新世纪,1,1,,NULL
618,江北区新世纪红旗河沟店,重庆市江北区红旗河沟兴业大厦新世纪百货红旗河沟店,06:24.8,05:14.8,18580527039,重庆商社新世纪百货连锁经营有限公司红旗河沟店,NULL,重庆新世纪,彭组长,1,,NULL
619,新世纪万州五桥店,重庆市万州区百安大道199号新世纪超市,06:24.8,01:21.8,185 9870 3381,重庆商社新世纪百货连锁经营有限公司五桥店（原2603）,NULL,重庆新世纪,王晓红,2,中铁物流,NULL
620,新世纪超市四川达州南城店,四川省达州市达川区六合世家新世纪超市,06:24.8,03:27.6,19960666977,四川达州新世纪超市南城店,NULL,重庆新世纪,杨胜芳,2,京东物流,NULL
621,江北区新世纪石马河店,重庆市江北区宏盛路与南石路交叉路口新世纪百货石马河店,06:24.8,16:07.6,13500352898,重庆商社新世纪百货连锁经营有限公司石马河店,NULL,重庆新世纪,郑晓玲,1,,NULL
622,江北区重百黄泥磅中心店,重庆市江北区洋河北路重百超市黄泥磅店,06:24.9,06:21.2,13098660698,【重百】重庆商社新世纪百货连锁经营有限公司黄泥磅中心店,NULL,重百,李兴红,1,,NULL
623,巴南区新世纪马王坪店,重庆市巴南区马王坪新街113号,06:24.9,22:59.3,15922607675,重庆商社新世纪百货连锁经营有限公司马王坪店,NULL,重庆新世纪,赖先志,1,,NULL
624,南岸区新世纪白鹤路店,重庆市南岸区白鹤路3号,06:24.9,11:05.4,15223134593,重庆商社新世纪百货连锁经营有限公司白鹤路店,NULL,重庆新世纪,赵丽惠,1,,NULL
625,新世纪西彭铝城店,重庆重庆市九龙坡区西彭铝城大道新世纪,06:24.9,36:51.7,18290416355,重庆商社新世纪百货连锁经营有限公司铝城店,NULL,重庆新世纪,赖春梅,2,中铁物流,NULL
626,沙坪坝区重百沙坪商场-超市,重庆市沙坪坝区小龙坎新街77号重百超市,06:25.0,56:59.4,17729664286,【重百】重庆百货大楼股份有限公司沙坪商场-超市,NULL,重庆百货,李琼,1,,NULL
627,渝中区新世纪经纬大道店,重庆市渝中区经纬大道347号,06:25.0,03:26.5,1,重庆商社新世纪百货连锁经营有限公司经纬大道店,NULL,重庆新世纪,1,1,,NULL
628,江北区新世纪龙头寺店,重庆市渝北区龙头寺236号,06:25.0,21:45.0,1,,NULL,重庆新世纪,1,1,,NULL
629,江北区重百金科十年城店,重庆市江北区盘溪延伸段与民悦交叉路口重百超市金科十年城店,06:25.0,14:15.9,13637995940,【重百】重庆商社新世纪百货连锁经营有限公司金科十年城店,NULL,重百,王涛,1,,NULL
630,九龙坡区重百区华岩店,重庆九龙坡区华龙大道8号,06:25.0,58:22.2,0,【重百】重庆商社新世纪百货连锁经营有限公司华岩店,NULL,重百,0,1,,NULL
631,巴南区重百融汇半岛店,重庆市南岸区融汇半岛23号,06:25.0,09:41.9,1,【重百】重庆商社新世纪百货连锁经营有限公司融汇半岛店,NULL,重百,1,1,,NULL
632,重百开县店,重庆开县开州大道中段234号重百超市,06:25.1,03:25.3,17323679800,【重百】重庆商社新世纪百货连锁经营有限公司开县店,NULL,重百,罗芙蓉,2,中铁物流,NULL
633,新世纪北碚区碚峡路店,重庆市北碚区碚峡路21号,06:25.1,25:54.5,18883346485,重庆商社新世纪百货连锁经营有限公司碚峡路店,NULL,重庆新世纪,杨进,2,中铁物流,NULL
634,新世纪永川金科店,兴龙大道777号37栋永川金科新世纪,06:25.1,36:30.0,13452388896,重庆商社新世纪百货连锁经营有限公司永川金科店,NULL,重庆新世纪,冷玉兰,2,中铁物流,NULL
635,渝北区重百新城丽园店,重庆渝北区紫薇路181号,06:25.1,14:27.4,1,,NULL,重百,1,1,,NULL
636,新世纪涪陵区兴华店,重庆市涪陵区兴华路4号,06:25.1,29:56.0,13638257376,重庆商社新世纪百货连锁经营有限公司兴华店,NULL,重庆新世纪,王思霞,2,中铁物流,NULL
637,沙坪坝区重百康居西城店,康居西城6组团(沙坪坝区曾家镇大学城)重百超市,06:25.1,36:31.4,15998904435,【重百】重庆商社新世纪百货连锁经营有限公司康居西城店,NULL,重百,倪小琴,2,中铁物流,NULL
638,南岸区新世纪江南大道店,重庆市南岸区南坪江南大道6号,06:25.1,34:58.1,1,重庆商社新世纪百货连锁经营有限公司江南大道店,NULL,重庆新世纪,1,1,,NULL
639,新世纪万州区渝东花园店,重庆重庆市万州区北山大道197号渝东花园新世纪超市,06:25.1,07:00.9,18680939091,重庆商社新世纪百货连锁经营有限公司渝东花园店,NULL,重庆新世纪,徐杰,2,中铁物流,NULL
640,南岸区新世纪南坪商都-超市,重庆市南岸区南坪北路8号新世纪超市,06:25.1,28:15.5,15826136500,重庆商社新世纪百货连锁经营有限公司南坪商都-超市,NULL,重庆新世纪,王学华,1,,NULL
641,新世纪璧山店,重庆市壁山县壁城镇中心路23号,06:25.1,26:10.8,13452419642,重庆商社新世纪百货连锁经营有限公司璧山店,NULL,重庆新世纪,秦宗芳,2,中铁物流,NULL
642,渝北区新世纪人和店,重庆市人和龙寿路609号,06:25.1,43:16.2,1,重庆商社新世纪百货连锁经营有限公司人和店,NULL,重庆新世纪,1,1,,NULL
643,新世纪巫溪店,重庆市巫溪县新世纪超市,06:25.2,55:37.8,18580398780,重庆商社新世纪百货连锁经营有限公司巫溪店,NULL,重庆新世纪,陈艳梅,2,京东物流,NULL
644,新世纪万州区山湾店,重庆市万州区白岩路与国本路交汇处附近西北,06:25.2,30:58.7,13896259033,重庆商社新世纪百货连锁经营有限公司山湾店,NULL,重庆新世纪,张德林,2,中铁物流,NULL
645,九龙坡区新世纪白马凼店,,06:25.2,38:48.1,1,,NULL,重庆新世纪,1,1,,NULL
646,重百合川滨江路(重百环球广场）店,重庆市合川区滨江路29号,06:25.2,47:25.9,15923267228,重庆商社新世纪百货连锁经营有限公司重百环球广场店,NULL,重百,黄红,2,中铁物流,NULL
647,新世纪巫溪商都店,重庆市巫溪县巫溪商都新世纪超市,06:25.2,55:30.1,18323760068,重庆商社新世纪百货连锁经营有限公司巫溪商都店,NULL,重庆新世纪,徐昌燕,2,京东物流,NULL
648,南岸区重百学府大道店,重庆市南岸区学府大道69号阳光雅筑1-1-1号,06:25.2,59:04.9,13368384251,【重百】重庆商社新世纪百货连锁经营有限公司学府大道店,NULL,重百,王承瑶,1,,NULL
649,江北区重百人和中心店,重庆市渝北区人和大道重百超市人和店,06:25.2,10:18.5,13883699814,【重百】重庆商社新世纪百货连锁经营有限公司人和中心店,NULL,重百,马占平,1,,NULL
650,重百武隆店,重庆市武隆巷口镇芙蓉中路20号,06:25.2,50:59.2,15023923399,【重百】重庆商社新世纪百货连锁经营有限公司武隆店,NULL,重百,蒋应菊,2,天天快递,NULL
651,沙坪坝区新世纪陈家湾店,重庆市沙坪坝区陈家湾2号,06:25.2,52:42.5,15223190528,重庆商社新世纪百货连锁经营有限公司陈家湾店,NULL,重庆新世纪,吴兆兰,1,,NULL
652,新世纪达州商都-超市,达州市通川区通川中路31号新世纪超市,06:25.3,49:30.9,13882819642,重庆商社新世纪百货连锁经营有限公司达州商都-超市,NULL,四川新世纪,桌俊玲,2,中铁物流,NULL
653,重百广安商场,广安市广宁路248号广安商场重百超市,06:25.3,02:20.0,15082672176,【重百】重庆商社新世纪百货连锁经营有限公司广安店,NULL,重百,陈梅,2,中铁物流,NULL
654,渝北区重百龙湖蓝调天街店,重庆市渝北区龙宁路重百超市蓝调天街店,06:25.3,13:35.9,13708323795,【重百】重庆商社新世纪百货连锁经营有限公司龙湖蓝调天街店,NULL,重百,蒋娅,1,,NULL
655,渝中区新世纪解放碑商都-解都店,重庆市渝中区邹容路新世纪百货解放碑商都店,06:25.3,22:59.3,13678430486,重庆商社新世纪百货连锁经营有限公司解放碑商都-超市/解都店,NULL,重庆新世纪,彭丽娜,1,,NULL
656,新世纪永川新城店,重庆重庆市永川区人民南路与人民西路交叉口永川新城新世纪,06:25.3,50:51.8,15320924897,重庆商社新世纪百货连锁经营有限公司永川新城店,NULL,重庆新世纪,杨坤群,2,中铁物流,NULL
657,新世纪湖北利川商都-超市,利川市清江大道288号利川商都新世纪超市,06:25.3,15:19.8,13135838985,重庆商社新世纪百货连锁经营有限公司利川商都-超市,NULL,新世纪,杨华,2,京东物流,NULL
658,江北区新世纪大石坝店,重庆市江北区大石坝115车站旁,06:25.3,02:22.7,1,,NULL,重庆新世纪,1,1,,NULL
659,新世纪开县区平桥店,重庆市开州区开州大道西272号新世纪超市,06:25.3,46:56.5,134 5277 1043,重庆商社新世纪百货连锁经营有限公司平桥店,NULL,重庆新世纪,王瑞芝,2,中铁物流,NULL
660,新世纪长寿区川维店,,06:25.3,08:03.5,13677675764,重庆商社新世纪百货连锁经营有限公司川维店,NULL,重庆新世纪,李红君,2,中铁物流,NULL
661,重百铜梁塔山坡店,重庆市铜梁县东城街道办事处中兴东路158号,06:25.3,11:02.0,15213359096,【重百】重庆商社新世纪百货连锁经营有限公司铜梁塔山坡店,NULL,重百,杨利华,2,中铁物流,NULL
662,重百荣昌商场-超市,重庆市荣昌县昌元镇滨河路185号,06:25.4,09:04.2,13594365336,【重百】重庆百货大楼股份有限公司荣昌商场-超市,NULL,重庆百货,陈沙,2,中铁物流,NULL
663,渝北区重百康园路店,重庆市渝北区康园路149号,06:25.4,03:56.6,0,【重百】重庆商社新世纪百货连锁经营有限公司康园路店,NULL,重百,0,1,,NULL
664,重百四川泸州商场-超市,四川省泸州市江阳区水井沟步行街泸州商场重百超市,06:25.4,56:41.3,18683002464,【重百】重庆百货大楼股份有限公司泸州商场-超市,NULL,重庆百货,隆兴莲,2,京东 物流,NULL
665,南岸区新世纪辅仁路店,重庆市南岸区辅仁路168号,06:25.4,58:05.6,18725865951,重庆商社新世纪百货连锁经营有限公司辅仁路店,NULL,重庆新世纪,肖文英,1,,NULL
666,新世纪万州区后街店,,06:25.4,39:05.9,18580810017,重庆商社新世纪百货连锁经营有限公司后街店,NULL,重庆新世纪,谭小梅,2,中铁物流,NULL
667,新世纪万州区王家坡店,,06:25.4,23:32.9,13668406693,重庆商社新世纪百货连锁经营有限公司王家坡店,NULL,重庆新世纪,张书义,2,中铁物流,NULL
668,新世纪四川泸州纳溪店,,06:25.4,56:32.1,13688207691,,NULL,重庆新世纪,何丽,2,京东物流,NULL
669,重百南川金佛大道店,重庆市南川区金佛大道2号重百超市,06:25.4,05:50.2,17783732055,【重百】重庆商社新世纪百货连锁经营有限公司金佛大道店,NULL,重百,李黎,2,中铁物流,NULL
670,新世纪北碚万达广场店,重庆市北碚区冯时行路万达广场新世纪超市,06:25.4,20:55.0,15111849323,重庆商社新世纪百货连锁经营有限公司北碚万达广场店,NULL,重庆新世纪,汪漫丽,2,中铁物流,NULL
671,重百遵义商场-超市,,06:25.4,25:27.0,15120159990,,NULL,重庆百货,毛雨,2,,NULL
672,新世纪宜宾商都-超市,四川省宜宾市翠屏区蜀南大道14号新世纪超市,06:25.4,26:27.6,13980393800,重庆百货大楼股份有限公司新世纪百货宜宾商都-超市,NULL,四川新世纪,周容,2,中铁物流,NULL
673,新世纪梁平时代广场店,重庆市梁平县桂西路2号新世纪梁平时代店,06:25.4,52:44.0,15223032490,重庆商社新世纪百货连锁经营有限公司梁平时代广场店,NULL,重庆新世纪,吴安丹,2,中铁物流,NULL
674,九龙坡区娇兰佳人,重庆市九龙坡区巴福镇九龙园区聚业路118号5幢（娇兰佳人仓储配送中心,33:35.3,42:20.2,13272724433,,NULL,分销,孙永红,1,,NULL
676,人人乐永川店,永川区人民南路66号 人人乐超市,29:44.9,17:00.0,18084000094,人人乐永川,NULL,人人乐,陈香,2,中铁物流,NULL
680,郫县重百郫都商场,成都市郫都区郫筒镇杜鹃路46号重白超市,00:06.5,05:35.0,15308211446,【重百】重庆百货大楼股份有限公司郫都商场分公司,NULL,四川重百,刘庆纯,2,中铁物流,NULL
681,网络微商,,13:07.4,25:45.5,1,,NULL,微商,1,2,,NULL
682,成都大仓,,16:29.9,25:53.3,1,,NULL,成都大仓,1,1,,NULL
683,贵阳大仓,,05:51.1,04:16.4,1,,NULL,贵阳大仓,1,2,,NULL
684,永川 毛环,永川商贸城B馆1004号,31:05.7,02:05.8,13399815806,永川 毛环,NULL,分销客户,毛环,2,联合物流,NULL
685,綦江邵正平,,49:05.8,11:44.8,13008358969,綦江邵正平,NULL,分销客户,邵正平,2,巴淋物流优先或迪丰物流,NULL
687,永辉样品,,58:02.4,29:51.5,1,,NULL,永辉样品,1,1,,NULL
688,零售客户,,59:50.6,26:30.0,1,,NULL,零售客户,1,2,,NULL
689,璧山 中尚量贩超市（青杠店）,重庆璧山青杠中大街中尚超市,41:03.7,27:37.6,15922930330,大润发量贩超市（青杠店）,NULL,包场,吴精英,2,迪丰物流,NULL
690,重百合川中心店,重庆市合川区苏家街25号重百超市,05:28.4,41:27.3,15102399178,【重百】重庆商社新世纪百货连锁经营有限公司重百合川中心店,NULL,重百,邓晓琴,2,中铁物流,NULL
692,涪陵新大兴杜莉,,36:38.2,02:23.6,13628250399,,NULL,分销客户,杜莉,2,迪丰物流,NULL
694,龙水尚美日化李伟,,42:32.3,56:06.9,13983665293,,NULL,分销客户,李伟,2,迪丰物流,NULL
695,长寿周永刚,,19:45.8,21:29.8,13399886019,长寿周永刚（余小利、姝妍商贸、你我他商贸）,NULL,分销客户,周永刚,2,宇鑫物流,NULL
697,新世纪荣昌金科,重庆市荣昌区昌州街道国泰路20号新世纪超市,46:39.0,57:19.8,13538381372,重庆商社新世纪百货连锁经营有限公司荣昌金科店,NULL,新世纪,胡小林,2,中铁物流,NULL
698,九龙坡区歇台子办公室,,34:56.0,16:46.7,1,,NULL,展鹿,1,1,,NULL
699,永辉万州春天花园,,59:00.6,10:31.3,15320715069,,NULL,永辉,周代殊,2,中铁物流,NULL
700,重百合川南津街,重庆合川市南津街书院路6号新世纪超市,13:53.5,53:56.8,15111879026,【重百】重庆商社新世纪百货连锁经营有限公司合川南津街店,NULL,重庆百货,杨晓琴,2,中铁物流,NULL
701,荣昌安富廖申芳,,38:59.6,55:37.1,15111845921,,NULL,分销客户,廖申芳,2,迪丰物流,NULL
702,渝中区永辉大坪龙湖时代天街店,,33:26.2,51:12.9,1,重庆渝中区--龙湖时代天街店,NULL,联营永辉,1,1,,NULL
703,江北区人人乐五里店,,03:38.2,16:28.3,1,,NULL,人人乐,1,1,,NULL
704,龙泽军,,10:13.2,04:22.8,0,,NULL,分销客户,0,1,,NULL
705,渝北区永辉黄泥磅店,,13:30.3,02:33.8,15215096819,重庆渝北区--黄泥Y店,NULL,联营永辉,杨传容,1,,NULL
706,开县周建明,,20:42.2,17:23.4,13098660569,,NULL,分销客户,周建明,2,黄花梨物流或港茂物流或龙国物流,NULL
707,KA 专供,,25:11.9,29:58.8,1,,NULL,沃尔玛,1,1,,NULL
708,重百陈家桥店,重庆市沙坪坝区陈家桥镇545号,48:51.0,26:51.4,18223001641,【重百】重庆商社新世纪百货连锁经营有限公司陈家桥店,NULL,重百,喻红,2,中铁物流,NULL
709,朝天门李可伟,重庆市渝中区日月光2楼太平洋,24:26.2,36:39.8,13368176291,,NULL,分销客户,谭建,1,,NULL
710,重百武胜店,四川省广安市武胜县重百武胜店超市韩束专柜重百超市,25:20.2,11:55.5,138 8262 3841,【重百】重庆商社新世纪百货连锁经营有限公司武胜店,NULL,四川重百,郑星星,2,天天快递,NULL
711,成都办,成都市新都区军屯镇军浙路898号（皇家金盾集团内）商贸城,10:35.4,36:05.4,15348172719,,NULL,展鹿,曾莉,2,汇运物流,NULL
712,丰都陈天龙,,44:16.5,43:37.0,13983596185,,NULL,分销客户,陈天龙,2,展旺物流,NULL
713,新世纪武胜城南店,四川广安市武胜县振兴路与柳堡街交汇处武胜城南重百超市,05:40.8,58:21.2,15082698896,重庆商社新世纪百货连锁经营有限公司武胜城南店,NULL,四川新世纪,谭春华,2,京东物流,NULL
714,巫山曹洋,,54:10.2,01:54.4,13388943237,,NULL,分销客户,曹洋,2,乘风物流,NULL
715,奉节陈华,,17:21.2,37:25.1,18580839927,,NULL,分销客户,陈华,2,恒耀物流或李姐物流,NULL
717,万州攀松商贸公司,重庆市万州区枇杷坪东路66号门面（睿尚城车库）,02:00.3,00:11.0,13212520668,重庆攀松商贸有限公司（袁定祥、郭翠娟）,NULL,分销客户,陈波,2,万佳物流或龙国物流,NULL
718,云阳谭真春,,04:11.7,00:24.6,15310034897,,NULL,分销客户,谭真春,2,迪丰物流,NULL
719,网络销售,,26:44.7,47:12.2,0,,NULL,网络销售,0,2,韵达快递,NULL
720,贵阳办刘灿,,14:09.4,11:07.6,0,,NULL,展鹿,0,2,迪丰专线物流,NULL
721,遵义袁玉荣,,14:29.2,27:41.7,0,,NULL,零售客户,0,2,,NULL
722,西藏苏红利,,15:56.9,00:16.7,13890139233,,NULL,分销客户,苏红利,2,便捷物流,NULL
723,重庆鑫彦大药房,,35:33.9,40:43.8,0,,NULL,分销客户,0,1,,NULL
724,武隆彭静,,33:20.5,59:48.2,18983866989,,NULL,分销客户,彭静,2,迪丰物流,NULL
725,巴南区谢潮红,木洞轻纺城,54:37.3,48:33.1,17783356629,,NULL,分销客户,何巧巧,2,中铁物流,NULL
726,万州办,万州春天花园25号楼负一楼10号门面,41:25.6,19:40.9,15320715069,,NULL,展鹿,周代殊,2,中铁物流,NULL
727,湖北宜昌五峰粤客隆,湖北宜昌五峰渔洋关粤客隆超市,31:09.1,26:36.8,15972709559,包场宜昌五峰（粤客隆购物广场）,NULL,包场,田玲,2,金瑞物流,NULL
728,沙坪坝区永辉大学城春华秋实店,重庆重庆市沙坪坝区大学城中路与思贤路交叉口春华秋实永辉超市,50:07.4,46:37.1,15111802091,重庆沙坪坝区--春华秋实店,NULL,重庆永辉,徐会丽,2,中铁物流,NULL
729,万州苏春红,,01:02.7,32:14.0,13594761166,,NULL,分销客户,苏春红,2,龙国物流,NULL
730,张天伟,,27:27.7,28:04.6,13132385698,,NULL,零售客户,0,2,,NULL
731,胡会容15025608820,,12:12.2,28:10.7,15025608820,,NULL,零售客户,0,2,,NULL
732,酉阳付玉武,,58:27.8,59:10.8,13896830396,,NULL,客户,付玉武,2,迪丰物流,NULL
734,垫江蒋邦春,,38:38.7,40:31.6,13996732656,,NULL,分销客户,张生兰,2,迪丰物流,NULL
735,邦煜生物科技,,08:35.7,28:29.9,13701547921,,NULL,邦煜生物,左老板,2,,NULL
736,贵州观山湖万达店,,56:00.8,09:07.9,18984039187,,NULL,贵阳永辉,刘灿,2,迪丰专线物流,NULL
737,四川阆中吴姐,,59:06.3,58:14.4,13688224525,,NULL,客户,吴姐,2,苍广物流,NULL
738,永辉泸州万达广场店,四川省泸州市龙马潭区金带路与红星路交汇处永辉超市,38:14.6,17:00.1,17721979730,四川泸州市--泸州万达广场店,NULL,四川永辉,李建梅,2,中铁物流,NULL
740,九龙坡区永辉谢家湾店,,00:56.8,58:29.2,15696122331,重庆九龙坡区--谢家湾店,NULL,联营永辉,周利,1,,NULL
741,南岸区永辉奥园城市天地,,09:37.9,40:05.5,1,重庆南岸区--奥园城市天地店,NULL,联营永辉,1,1,,NULL
742,尹波片区,,43:30.6,04:52.5,0,,NULL,KA系统,0,1,,NULL
743,刘南平片区,,22:48.6,28:34.4,0,,NULL,永辉,0,1,,NULL
744,何忠丽片区,,23:19.3,28:39.2,0,,NULL,永辉,0,1,,NULL
745,程国华片区,,23:45.9,28:43.3,0,,NULL,永辉,0,1,,NULL
746,封兴勤片区,,24:04.4,28:47.3,0,,NULL,永辉,0,1,,NULL
747,何华明片区,,24:22.6,28:51.3,0,,NULL,永辉,0,1,,NULL
748,王伟片区,,28:11.8,28:55.9,0,,NULL,永辉,0,1,,NULL
749,熊敏片区,,32:47.3,29:00.8,0,,NULL,永辉,0,1,,NULL
750,重庆永辉大足五星大道店,重庆市大足区棠香街道五星大道永辉超市,32:27.8,28:19.3,18725688938,重庆大足区--五星大道店,NULL,重庆永辉,郑开芳,2,中铁物流,NULL
752,李先均,,56:40.2,14:01.8,13098600423,,NULL,零售客户,李先均,2,,NULL
753,江北区新世纪华融现代广场店,重庆市渝北区新南路429号新世纪百货华融现代广场店,39:58.2,20:27.2,13883932753,重庆商社新世纪百货连锁经营有限公司华融现代城,NULL,新世纪,雷小玉,1,,NULL
754,永辉广元摩尔天成店,四川省广元市利川区老城南街摩尔天成永辉超市,12:07.8,59:28.1,13458134095,四川广元市--摩尔天成店,NULL,四川永辉,吴永秀,2,美得物流,NULL
757,渝北区金龙路田子葵,重庆渝北区龙溪镇金龙路207号,52:02.3,17:22.0,13330387141,,NULL,重庆尚娜商贸,陈家梅,1,,NULL
758,库房,,58:19.9,NULL,1,,NULL,展鹿,1,,,NULL
759,南岸区杨道圣,,15:16.3,15:27.5,1,,NULL,分销客户,1,1,,NULL
760,成都办内购专用,成都市成华区二环东二段七号东城国际A幢2103,22:27.9,07:07.8,18280466291,,NULL,成都办内购,张金花,2,京东物流,NULL
762,秀山曾庆峰（美源兴商贸）,重庆市秀山县迎凤路旭升小车维修中心斜对面美源兴商贸有限公司,57:08.4,52:13.1,17723220350,,NULL,分销客户,陈超,2,良琨物流或迪丰物流或辉达物流,NULL
763,大丰镇成都爱上生活,,30:49.7,36:44.2,13688001338,包场成都爱上生活超市,NULL,包场,刘兴平,2,余氏东风,NULL
764,永辉眉山万达广场店,四川省眉山市文忠街眉山市体育馆旁永辉超市,03:55.3,05:06.2,14780142266,四川眉山市--眉山万达广场店,NULL,四川永辉,罗庆,2,中铁物流,NULL
766,永辉四川省南充营山店,南充市营山县复兴路与一环路北段交汇处永辉超市,39:51.2,03:40.0,15928497277,四川南充市--南充营山店,NULL,四川永辉,王艳燕,2,京东物流,NULL
768,贵阳办王朝英,,41:34.0,15:08.0,13984363007,,NULL,展鹿,王朝英,2,迪丰专线物流,NULL
769,大渡口冷超,大渡口区双城路199号雅居乐御宾府3期6幢1-1,11:44.2,31:14.3,18523188881,,NULL,分销客户,任雪春,2,中铁物流,NULL
770,利川杨兰,湖北恩施利川市文斗乡平安路43号,12:59.2,40:34.7,18771204888,,NULL,分销客户,杨兰,2,金瑞物流或渝利快运,NULL
771,成都乐山市闵龙江,乐山市长青路1555号家家乐超市连锁,42:40.9,03:08.1,18228315903,,NULL,成都团购,闵龙江,2,便捷物流,NULL
772,涪陵包剑彬,,42:58.0,26:09.6,15330511668,,NULL,分销客户,包建彬,2,迪丰物流,NULL
773,永辉四川乐山犍为店,四川省乐山市犍为县凤凰路南段99号永辉超市,02:27.4,30:09.3,13666278027,四川乐山市--乐山犍为店,NULL,四川永辉,李妍妍,2,京东物流,NULL
774,成都唐波（可贝尔）,,07:20.5,39:17.7,13982213858,,NULL,成都唐波,唐春梅,2,便捷物流,NULL
776,贵州品方商贸龚发伟,贵阳金关金伍路230号,11:01.6,38:38.1,18785172245,,NULL,分销客户,龚发伟,2,迪丰专线物流和团结物流,NULL
777,家乐福达州大竹店,,40:38.2,04:33.7,15983879878,,NULL,家乐福,秦飞,2,中铁物流,NULL
778,家乐福四川南充文化店,,32:08.9,04:22.2,15583007232,,NULL,家乐福,李丹,2,中铁物流,NULL
779,重庆美倩（李仁刚）,,15:18.6,07:10.1,13102322323,,NULL,分销客户,冉梦林,1,,NULL
780,南岸区人人乐万象汇店,,43:46.0,51:48.9,13068304979,人人乐万象汇店,NULL,人人乐,陈杰,1,,NULL
781,荣昌恒美日化李敬亦,重庆市荣昌县石桥镇,35:11.6,46:19.0,17738569483,,NULL,分销客户,李敬亦,2,海鸿物流  或者迪丰物流,NULL
782,合川黄麟雯,合川东津坨东津路114号,42:30.5,19:25.6,13370730688,,NULL,分销客户,黄麟雯,2,金环物流,NULL
783,龙崇霞片区,,41:31.2,49:57.3,18580047186,,NULL,重庆永辉,龙崇霞,1,,NULL
784,成都亨亦达（丽纯）,成都市双流县九江镇大井社区二组朋成物流园内,37:30.6,15:49.7,13540256285,,NULL,分销客户,胡金平,2,,NULL
785,潼南戴小莉,潼南区卧佛镇太平街154号,32:01.9,31:39.5,18203040695,,NULL,零售客户,戴小莉,2,中铁物流,NULL
786,王双庆,,07:42.1,NULL,13882836242,,NULL,王双庆,王双庆,2,,NULL
787,佛山市怡爽卫生用品有限公司赖永洪,佛山市狮山镇罗村下柏王芝围工业区,12:02.3,06:38.3,0757-88572223,,NULL,厂家,赖永洪,2,,NULL
788,陕西汉中杨露,陕西省汉中市西乡县廊桥大润发超市,16:45.2,20:49.1,18113987458,,NULL,分销客户,杨露,2,,NULL
789,四川和麦贺达商贸有限公司（黄总）,成都市郫都区永兴东路9号新希望乳业,43:54.3,NULL,13982213858,,NULL,零售客户,唐春梅,2,,NULL
790,重百万盛店,重庆市万盛区万盛国能天街新世纪超市,19:29.1,27:08.5,18723075125,【重百】重庆商社新世纪百货连锁经营有限公司万盛店,NULL,重庆新世纪,霍加会,2,天天快递,NULL
791,四川德阳方娜,四川省德阳市汉江路187号921仓库,54:31.5,18:10.5,13981001523,,NULL,零售客户,陈毓,2,,NULL
792,沙坪坝区新世纪沙滨路店,重庆沙坪坝区沙滨路11号肿瘤医院附近,50:10.2,59:32.2,15123970507,重庆商社新世纪百货连锁经营有限公司沙滨路店,NULL,新世纪,谭功会,1,,NULL
793,乐山鑫佰商贸有限公司（帅静）,乐山市市中区牟子镇马边河村52号,29:43.3,32:23.7,18981302789,,NULL,分销客户,帅静,2,荣泽物流,NULL
794,重庆依生堂贸易有限公司（叶庆霞）,,43:27.9,NULL,1,,NULL,零售客户,叶庆霞,1,,NULL
795,梁平高传相,,40:43.1,51:43.7,15923413438,,NULL,分销客户,高传相,2,迪丰物流,NULL
796,苟冬梅片区,,39:07.1,42:51.2,1,,NULL,苟冬梅片区,苟冬梅,1,,NULL
797,李良君片区,,40:44.1,46:20.3,0,,NULL,李良君片区,李良君,1,,NULL
798,张玉梅片区,,41:35.1,49:44.2,0,,NULL,张玉梅片区,张玉梅,1,,NULL
799,莫燕片区,,42:36.5,46:10.0,2,,NULL,莫燕片区,莫燕,1,,NULL
800,大足区新世纪海棠人家店,大足区棠香街道人民街33号新世纪超市,00:30.7,59:13.1,19923739904,重庆商社新世纪百货连锁经营有限公司海棠人家店（大足）,NULL,重庆新世纪,赵运凤,2,中铁物流,NULL
801,成都市龙泉万达店,成都市龙泉驿区永安路龙泉万达永辉超市地下收货口,50:41.8,58:39.1,13608232804,四川成都市--龙泉万达广场店,NULL,四川永辉,谭前碧,2,中铁物流,NULL
802,广东汕头美纳斯,广东汕头龙湖区衡山北路第十四街区德源大厦,05:05.1,41:24.6,0754-88847651,,NULL,厂家,陈文生,2,,NULL
803,建鹏,,31:32.5,52:28.4,13618217918,建鹏,NULL,分销客户,建鹏,2,,NULL
805,广安岳池星都会店,四川省广安市岳池县翔凤大道永辉超市,01:50.8,06:33.1,17344397875,四川广安市--岳池星都会店,NULL,四川永辉,姚继英,2,天天快递,NULL
806,巴南区永辉巴南店,巴南中百店,11:56.7,45:14.0,,重庆市渝中区--巴南店,NULL,重庆永辉,111,1,,NULL
807,四川绵阳市--江油宝龙广场店,四川省绵阳市江油市李白大道与大鹏路交汇处永辉超市,00:43.3,58:22.7,13398381181,四川绵阳市--江油宝龙广场店,NULL,四川永辉,徐燕,2,中铁物流,NULL
808,丰泰汇,,45:51.1,NULL,1,,NULL,千金代理商,1,,,NULL
809,吴斌,,43:53.5,22:28.7,18916637135,,NULL,分销客户,吴斌,1,,NULL
811,沙坪坝区永辉沙坪坝万达广场店,,44:12.1,23:01.3,18223036764,重庆沙坪坝区--沙坪坝万达广场店,NULL,重庆永辉,王蓓,1,,NULL
813,渝北区永辉斑竹路店,,53:15.5,56:41.8,1,重庆市渝北区--斑竹路店,NULL,重庆永辉,龙崇霞,1,,NULL
814,石华艳片区,,40:10.7,NULL,1,,NULL,重庆永辉,石华艳,1,,NULL
815,陈丽片区,,42:21.6,NULL,1,,NULL,重庆永辉,陈丽,1,,NULL
817,杨星,,44:43.3,NULL,1,,NULL,分销客户,杨星,1,,NULL
818,绵阳CBD万达广场店,四川省绵阳市涪城区绵阳大道中段199号永辉超市,23:08.3,59:14.0,18898565816,四川绵阳市--绵阳CBD万达广场店,NULL,四川永辉,杨小云,2,中铁物流,NULL
819,新世纪永川五板桥店,永川渝西广场附近五板桥新世纪超市,53:24.3,05:19.5,15823203370,重庆商社新世纪百货连锁经营有限公司永川五板桥店,NULL,新世纪,费娟,2,中铁物流,NULL
820,庆荣大仓,,50:54.6,NULL,1,,NULL,庆荣大仓,1,1,,NULL
821,成都龙湖西宸天街店,四川省成都市金牛区一品天下大街与茶店子路交叉口永辉超市,33:55.7,57:59.1,15102880277,四川成都市--成都龙湖西宸天街店,NULL,四川永辉,张素琼,2,中铁物流,NULL
822,成都永辉大仓客情,成都市金牛区茶店子金府路九峰花园（大仓）,56:02.8,NULL,15184482273,,NULL,展鹿仓库,彭亚军,2,,NULL
823,四川宜宾市--宜宾万达广场店,四川省宜宾市叙州区航天路南段万达广场B1层永辉超市(宜宾万达广场店),10:45.6,18:49.7,15181113353,四川宜宾市--宜宾万达广场店,NULL,四川永辉,胡云洪,2,中铁物流,NULL
824,铜梁区铜梁商场重百店,铜梁区东城街道财富广场西路88号,08:12.8,58:43.2,152 1510 7684,重庆百货大楼股份有限公司铜梁商场-超市,NULL,重百,张兴燕,2,中铁物流,NULL
826,成都高新区南华路店,,55:12.4,10:37.7,1,成都高新区南华路店,NULL,四川永辉,1,2,中铁物流,NULL
827,九都,,56:12.6,NULL,1,,NULL,分销客户,1,1,,NULL
828,重百永川商场店（华贸店）,永川区昌州大道东段789号HMC华茂中心C馆重百永川商场超市华茂店,40:00.8,24:17.6,13996047484,重庆百货大楼股份有限公司永川商场-超市,NULL,重百,黄和文,2,中铁物流,NULL
829,新世纪綦江爱琴海（綦江新城）店,重庆市綦江区通惠大道爱琴海购物公园负一楼新世纪超市,58:01.9,54:07.8,18725789335,重庆商社新世纪百货连锁经营有限公司綦江爱琴海店（綦江新城店）,NULL,重庆新世纪,何凤莲,2,中铁物流,NULL
830,新世纪荣昌东邦店,荣昌东邦城市广场新世纪超市,34:37.4,49:45.0,13696455303,重庆商社新世纪百货连锁经营有限公司荣昌东邦店,NULL,新世纪,雷杨,2,天天快递,NULL
831,涪陵区泽胜广场,重庆市涪陵区兴华路25号,17:02.8,51:13.1,13996724228,重庆涪陵区--泽胜广场店,NULL,重庆永辉,谭会英,2,中铁物流,NULL
832,江北区新世纪金山大道店（万科城）,重庆市渝北区北部新区金山大道新世纪百货金山大道店,01:20.8,20:49.6,13527493554,重庆商社新世纪百货连锁经营有限公司金山大道店（万科城）,NULL,重庆新世纪,严大英,1,,NULL
833,荣昌惠又多超市,重庆荣昌区邦德太平洋广场惠又多超市,34:36.5,09:16.8,13883604569,包场荣昌惠又多超市,NULL,包场,苟家琴,2,金环物流或迪丰物流,NULL
834,沃尔玛渝北区回兴店,,03:33.8,49:36.7,1,沃尔玛购物广场重庆回兴分店,NULL,沃尔玛,1,1,,NULL
835,成都喜港城店,四川省成都市高新区中柏大道与中胜路交汇处永辉超市,55:46.0,35:19.5,13981717435,四川成都市--成都喜港城店,NULL,四川永辉,李志彬,2,中铁物流,NULL
836,金未来,,52:18.5,NULL,1,,NULL,分销客户,1,1,,NULL
837,平昌华联超市,四川巴中平昌县新平街77号华联超市,37:40.9,44:40.0,18282714946,包场平昌华联超市,NULL,包场,罗群林,2,通重天鹤万顺,NULL
838,新世纪长寿商都店,重庆市长寿区凤城街道协信购物广场,01:01.2,58:43.0,13678411239,重庆商社新世纪百货连锁经营有限公司长寿商都-超市,NULL,新世纪,姚娇,2,天天快递,NULL
839,江北区新世纪溉澜溪小卖部,,42:57.1,NULL,1,,NULL,新世纪,1,1,,NULL
840,永辉涪陵区南门山金科店,涪陵区南门山中山路9号永辉超市收货口,27:46.0,52:06.2,13594502218,重庆涪陵区--南门山金科店,NULL,重庆永辉,刘华,2,中铁物流,NULL
841,成都市新都汇融广场店,四川省成都市新都区大丰街道西三环永辉超市,57:15.8,57:40.6,15884409512,四川成都市--新都汇融广场店,NULL,四川永辉,何华容,2,中铁物流,NULL
842,绵阳银河城店,四川绵阳市游仙区沈家坝上街永辉超市,16:01.9,45:37.2,15308117028,四川绵阳市--绵阳银河城店,NULL,四川永辉,曾尔芳,2,中铁物流,NULL
843,合川重百步步高广场店,合川涪江二桥北桥头重百超市,43:18.4,28:43.8,13996171533,重庆商社新世纪百货连锁经营有限公司重百超市合川步步高广场店,NULL,重百,刘于于,2,中铁物流,NULL
844,南充新世纪中央华城店（四川阆中）,四川省南充市阆中市华胥路236号新世纪超市,08:28.6,11:51.0,18781786651,重庆商社新世纪百货连锁经营有限公司中央华城店（四川阆中）,NULL,四川新世纪,王雪梅,2,京东物流,NULL
845,四川宜宾市--长宁宏泰财富广场店,四川省宜宾市长宁县民生路与鸿泽路交汇处永辉超市,35:35.7,57:25.7,19130743715,四川宜宾市--长宁宏泰财富广场店,NULL,四川永辉,付镇虹,2,天天快递,NULL
846,成都市永辉蒲江世纪中心店,四川省蒲江县鹤山镇健民路246号中节能世纪中心永辉超市,35:42.2,13:58.4,13541320756,四川成都市--蒲江世纪中心店,NULL,四川永辉,张花萍,2,天天快递,NULL
847,成都海天摩尔超市-淮口店,成都市金堂县淮口镇书院街168号海天摩尔超市,18:46.2,18:03.8,13688001338,包场海天摩尔超市―淮口店,NULL,包场,刘兴平,2,余氏东风,NULL
848,成都海天摩尔超市-天回店,成都市新都区天海路64号成都植物园对面,18:28.2,50:33.4,13688001338,包场海天摩尔超市―天回店,NULL,包场,刘兴平,2,余氏东风,NULL
849,海天摩尔超市-威远店,四川省内江市威远县中心街,18:58.7,19:08.1,19982936041,包场海天摩尔超市―威远店,NULL,包场,罗金桃,2,余氏东风,NULL
850,南岸区东原东东摩店,,52:51.0,NULL,1,,NULL,重庆永辉,1,1,,NULL
851,重庆爱恒商贸,,07:18.3,55:07.4,11,,NULL,江北HC经销商,111,1,,NULL
852,贵州安顺刘义超,贵州省安顺,27:08.9,25:38.2,13698511517,,NULL,分销客户,唐静,2,迪丰专线物流或汇运物流,NULL
853,涪陵大仓新世纪,,10:41.3,06:40.4,13452545922,涪陵-新世纪超市（涪陵大仓）,NULL,新世纪,熊兴玲,2,中铁物流,NULL
854,黎茗化妆造型工作室,成都市郫县犀浦镇王龙二巷34号,03:38.7,NULL,13684078137,,NULL,零售客户,黎茗,2,中铁物流,NULL
855,中山市芬娜日用化工有限公司（莎曼琪）,,02:38.6,NULL,1,,NULL,厂家,1,1,,NULL
856,永辉北碚区缙云大道店,北碚308红桂林永辉超市,33:09.1,41:41.8,17783583195,重庆北碚区--缙云大道店,NULL,重庆永辉,王培,2,中铁物流,NULL
857,刘敏,,18:30.2,NULL,15397765866,,NULL,零售客户,刘敏,2,优速快递,NULL
858,高新区兰美路新世纪,,53:44.7,54:03.6,1,重庆重客隆超市连锁有限责任公司高新区兰美路连锁店,NULL,重庆新世纪,江维,1,,NULL
859,广州雅资达（采乐）化妆品公司,,19:06.1,19:17.5,1,,NULL,厂家,1,1,,NULL
860,九龙坡区庞馨华,石坪桥隆鑫国际停车场,39:47.7,NULL,13883587925,,NULL,分销客户,庞馨华,1,,NULL
861,联佳精细化工厂,,17:34.6,NULL,1,,NULL,厂家,1,2,,NULL
862,重庆市长寿区滔渝科技有限公司,,45:26.8,NULL,1,,NULL,分销客户,1,2,,NULL
863,渝北区回兴永辉服装城仓,,23:33.9,26:06.4,,重庆渝北区--回兴服装城仓,NULL,重庆永辉,龙崇霞,1,,NULL
864,贵阳李美放,,31:47.3,41:32.3,18288909993,,NULL,分销客户,李美芳,2,,NULL
865,渝北区空港乐园新世纪店,重庆市渝北区空港大道空港乐园新世纪百货空港乐园店,03:42.6,35:28.5,18581289112,重庆商社新世纪百货连锁经营有限公司空港乐园店,NULL,重庆新世纪,樊玲,1,,NULL
866,垫江凤山新世纪店,重庆市垫江县桂溪街道工农南路133号负一层新世纪超市,59:30.6,23:16.7,15923736981,重庆商社新世纪百货连锁经营有限公司垫江凤山店,NULL,重庆新世纪,墙德芬,2,中铁物流,NULL
867,黎姿化妆品有限公司,苏州市工业园区唯亭镇金陵东路128号,35:54.6,NULL,13512138852,,NULL,厂家,汤盼盼,2,,NULL
868,四川泸州市-泸州天远广场店,四川省泸州市江阳区蓝安路与黄桷路交汇处永辉超市,24:43.3,15:50.2,15298281828,四川泸州市--泸州天远广场店,NULL,四川永辉,刘贞书,2,中铁物流,NULL
869,成都缤纷摩尔超市―新都店,成都市新都区缤纷时代广场缤纷摩尔超市,04:08.0,18:32.8,13688001338,包场缤纷摩尔超市―新都店,NULL,包场,刘兴平,2,余氏东风,NULL
870,九龙坡区仁悦天地店,,41:19.0,06:17.9,13629707171,重庆九龙坡区--仁悦天地,NULL,重庆永辉,冯金梅,1,,NULL
871,邓润明,,36:32.9,NULL,18584657131,,NULL,分销客户,邓润明,1,,NULL
872,昆明李美放,,41:22.3,NULL,18288909993,,NULL,分销客户,李美芳,2,,NULL
873,广东添乐化妆品有限公司（哆啦A梦）,,03:54.2,NULL,1,,NULL,厂家,1,2,,NULL
874,泰国芮一面膜厂家,,29:36.2,11:12.8,1,,NULL,厂家,11,2,,NULL
875,云阳周建明,,43:08.4,44:16.1,18996645700,,NULL,客户,钟军,2,1,NULL
876,包场沙坪坝区京东超市-双碑店,重庆市沙坪坝区双碑九重锦1号楼1F商铺（原双碑世纪华联超市）,02:21.6,36:54.1,13224090865,包场京东超市―双碑店,NULL,包场,刘在菊,1,,NULL
877,奉节攀松商贸公司,奉节县后山变电站坎下,13:33.2,NULL,13224938008,,NULL,分销客户,朱文彬,2,乘风物流或李姐物流,NULL
878,永辉北碚区-天奇广场店,重庆市北碚区天奇广场,12:52.2,39:40.0,13370730508,重庆北碚区--天奇广场店,NULL,重庆永辉,杨波,2,中铁物流,NULL
879,重庆大渡口区--大渡口万达店,,18:57.7,47:15.5,13883635016,重庆大渡口区--大渡口万达店,NULL,重庆永辉,刘雪梅,1,,NULL
880,东莞市千蕊人生皂业有限公司（熊孩子）,,53:26.6,NULL,1,,NULL,厂家,1,2,,NULL
881,涪陵区-涪陵万达店,涪陵江东万达永辉超市收货口,23:45.4,37:45.3,13983582076,重庆涪陵区--涪陵万达店,NULL,重庆永辉,陈林英,2,中铁物流,NULL
882,永川江维峰,讲成2.5一件,56:23.9,NULL,,,NULL,分销客户,1,2,,NULL
883,四川彭州食品用品DC-世泽,,35:26.7,44:35.4,1,,NULL,成都世泽尚秀商贸有限公司,1,2,美得物流,NULL
884,四川资中邹明,四川省资中县时代广场,15:56.0,NULL,15282130815,,NULL,分销客户,邹明,2,广汇物流,NULL
885,湖北利川攀松商贸有限公司,湖北省利川市御景1号（黄石大桥旁）,46:46.3,47:13.7,13971883616,,NULL,分销客户,朱锐,2,唐氏物流,NULL
886,湖州上美化妆品有限公司（韩束）,,56:14.4,NULL,1,,NULL,厂家,1,2,,NULL
887,中隆投（苏州）贸易有限公司（阿迪）,,13:32.9,NULL,1,,NULL,厂家,1,2,,NULL
888,东平九鑫生物化学（新品满婷）,,17:21.4,NULL,,,NULL,东平九鑫生物化学（新品满婷）,2,,,NULL
889,合川新世纪财富广场,绿港财富广场B区(重庆市合川区)新世纪超市,44:58.1,22:05.8,15923224889,重庆商社新世纪百货连锁经营有限公司南津街店（财富广场）,NULL,重庆新世纪,陈华,2,中铁物流,NULL
890,永辉大足区双桥店,大足双桥区车城大道渝西财富中心（永辉超市）,27:38.1,26:37.0,156 9609 6987,重庆大足区--双桥店,NULL,重庆永辉,王金然,2,中铁物流,NULL
891,江津新时代超联超市,重庆市江津区鼎山大道西明月天意新时代超联超市,21:46.8,53:43.3,18883282496,包场江津新时代超联超市,NULL,包场,王金会,2,彤峰物流,NULL
892,垫江区永辉昆翔明悦天街店,重庆市垫江县垫江体育文化公园旁明悦天街售楼处永辉超市,14:55.0,36:18.8,13896608498,重庆垫江区--昆翔明悦天店,NULL,重庆永辉,李凤,2,中铁物流,NULL
893,巴南伍中迁,巴南区花溪工业园区立崧路33号9号,30:43.5,NULL,13668046839,,NULL,分销客户,伍中明,1,,NULL
894,新世纪利川市南滨花园店,利川市南滨大道66号新世纪超市,13:17.0,15:11.5,13997777017,重庆商社新世纪百货连锁经营有限公司南滨花园店,NULL,新世纪,唐嗣玉,2,京东物流,NULL
895,永辉涪陵中慧西街店,涪陵区-步阳路16号中惠西街永辉超市收货口,59:13.2,39:00.9,13896776940,重庆涪陵区--中慧西街,NULL,重庆永辉,刘长淑,2,中铁物流,NULL
896,深圳市华美溢科技有限公司（若华香皂）,,41:56.1,NULL,1,,NULL,厂家,1,2,,NULL
897,成都傅前烈,成都海霸王,51:54.6,NULL,13688388477,,NULL,分销客户,傅前烈,2,平安发货运站,NULL
898,四川成都市-彭州市望蜀里店,四川省成都市彭州市东大街124号永辉收货口,46:27.3,10:04.2,13666289265,四川成都市--彭州市望蜀里店,NULL,四川永辉,梁美,2,天天快递,NULL
899,四川宜宾市-招商雍华府店,四川省成都市昭觉寺南路与双荆路交汇处永辉超市,52:53.6,56:23.6,13980092885,四川成都市--招商雍华府店,NULL,四川永辉,陈兰萍,2,天天快递,NULL
900,广州香岸化妆品有限公司（傲漾）,,16:50.5,NULL,1,,NULL,厂家,1,2,,NULL
901,湖南长沙傅前烈,长沙人民东路与黄兴大道交叉口星沙中部智谷,59:28.1,01:00.1,13688388477,,NULL,分销客户,虞伟红,2,大顺托物流,NULL
902,重庆穗集进出口贸易有限公司,,34:07.2,NULL,,,NULL,分销客户,1,1,,NULL
903,永辉德阳市--广汉金雁蔚蓝郡店,四川省德阳市广汉市大同路二段与天津路交叉口永辉超市,09:02.2,23:55.5,15983815837,四川德阳市--广汉金雁蔚蓝郡店,NULL,四川永辉,孙永玮,2,中铁物流,NULL
904,成都隆力奇生物科技有限公司,,44:50.5,NULL,1,,NULL,厂家,1,2,,NULL
905,广东诺特金参口腔,,50:09.4,40:40.5,1,,NULL,厂家,1,2,,NULL
906,崇州大划镇四海一家店,成都崇州大划镇捷普广场四海一家超市,51:35.4,32:18.2,13688001338,崇州四海一家（包场）,NULL,包场,刘兴平,2,中铁物流,NULL
907,永辉江津区-塔坪路店,重庆市江津塔坪路永辉,28:49.2,54:41.4,18323428712,重庆江津区--塔坪路店,NULL,重庆永辉,杨材芳,2,中铁物流,NULL
908,白沙刘素荣,江津白沙,56:12.3,08:58.8,18623109675,,NULL,分销客户,刘树容,2,联合物流,NULL
909,新世纪沙坪坝廊桥水乡店,重庆市九龙坡区大学城南二路金科廊桥水乡1078号新世纪超市,58:30.0,35:32.8,13036330406,重庆商社新世纪百货连锁经营有限公司廊桥水乡店,NULL,新世纪,冯家玉,2,中铁物流,NULL
910,永辉黔江区丽都花苑店,黔江区丽都花苑（原海宁皮草城）永辉超市,29:10.9,25:32.3,18225402618,重庆黔江区--丽都花苑店,NULL,重庆永辉,刘克兰,2,中铁物流,NULL
912,永辉开县区云枫X尚城店,开县区云枫X尚城永辉超市,37:32.5,06:00.5,15320715069,重庆开县--云枫X尚城店,NULL,重庆永辉,周代殊,2,中铁物流,NULL
913,永辉金牛邻里聚金泉广场店,成都市金牛区两河西二路300号永辉超市,10:42.0,56:06.9,13666278027,,NULL,四川永辉,李妍妍,2,中铁物流,NULL
914,重庆美肤乐商贸有限公司,,25:03.5,NULL,1,,NULL,分销客户,1,2,,NULL
915,永辉南充市-南充蓬安恒丰国际店,四川省南充市蓬安县内相如镇抚琴大道南延线(亿林龙城后门)蓬安恒丰国际永辉超市,28:07.1,09:43.6,156 0907 0368,四川南充市--南充蓬安恒丰国际店,NULL,四川永辉,刘晓英,2,百世快运,NULL
916,永辉重庆市丰都区-久桓大道店,丰都县久桓大道229号久桓城永辉超市收货区,49:30.3,37:16.2,18983588719,重庆丰都区--久桓大道店,NULL,重庆永辉,陈在飞,2,中铁物流,NULL
917,永辉江津西江大道店,重庆市江津西江大道永辉超市,53:30.6,16:59.4,19122186090,重庆江津区--江津西江大道店,NULL,重庆永辉,何敏,2,中铁物流,NULL
918,新世纪沙坪坝区双碑店,重庆市沙坪坝区双碑街道嘉汇路34号附4号负1-1号,29:21.2,30:16.1,13594046182,重庆商社新世纪百货连锁经营有限公司双碑店,NULL,重庆新世纪,祝纯秀,1,,NULL
919,永辉资阳市曼购广场店,成都市资阳区雁江区交子大道一段132曼购超市负一楼永辉超市,32:32.4,07:04.5,13688006926,四川资阳市--资阳市曼购广场店,NULL,四川永辉,陈仲琴,2,中铁物流,NULL
920,永辉郫都区爱琴海购物广场店,成都市郫都区国宁东路991号永辉超市,34:56.5,55:56.6,13684055127,四川成都市--郫都区爱琴海店,NULL,四川永辉,苏友蓉,2,中铁物流,NULL
921,永辉攀枝花万达店,四川省攀枝花市东区万达广场永辉超市,40:36.0,30:44.7,189 8237 6019,四川攀枝花市--攀枝花万达店,NULL,四川永辉,孙竹,2,百世快运,NULL
922,永辉广元市-苍溪广明如意城店,四川省广元市苍溪县杜里路与泰和大街交叉口北200米广明如意城永辉超市,42:52.4,23:31.3,18781270685,四川广元市--苍溪广明如意城店,NULL,四川永辉,罗秀芳,2,百世快运,NULL
923,永辉成都市-成华区龙湖滨江天街店,四川省成都市成华区新成华大道与建工路交叉口东20米龙湖滨江天街永辉超市,44:48.8,44:02.5,13308124299,四川成都市--成华区龙湖滨江天街店,NULL,四川永辉,贾艳,2,百世快运,NULL
924,永辉四川绵阳市--绵阳三台东门里店,四川省绵阳市三台县学街与松花井交叉口东100米永辉超市,46:04.1,55:45.4,13881125012,四川绵阳市--绵阳三台东门里店,NULL,四川永辉,陈晓蓉,2,百世快运,NULL
925,永辉潼南区-巴渝大道店,潼南区 隆鑫 中央大街 永辉超市,56:51.2,25:12.3,15025408503,重庆潼南区--巴渝大道店,NULL,重庆永辉,杨雪,2,中铁物流,NULL
926,新世纪长寿区菩提大道店,重庆市长寿区桃源西三路新世纪菩提大道店,39:51.5,39:18.4,18996444827,重庆商社新世纪百货连锁经营有限公司菩提大道店,NULL,重庆新世纪,王建美,2,中铁物流,NULL
927,万州李卫明,万州区君宅路52号,55:06.8,27:22.9,13996518590,,NULL,分销客户,李卫明,2,迪丰物流或巴林物流,NULL
928,永辉长寿桃源大道店,长寿桃花大道凯逸世纪广场永辉超市,59:05.0,32:39.8,15909324992,重庆长寿区--桃源大道店,NULL,重庆永辉,李芳容,2,中铁物流,NULL
929,永辉南川区-南川万达店,重庆南川区南川万达永辉超市,51:13.8,27:23.1,18983588842,重庆南川区--南川万达店,NULL,重庆永辉,廖英,2,中铁物流,NULL
930,永辉忠县-忠县环城路店,忠县环城路永辉店,45:24.6,04:23.1,13638275003,重庆忠县--忠县环城路店,NULL,重庆永辉,韩亚林,2,中铁物流,NULL
931,新世纪渝北区海都汇店,重庆市渝北区泰福路新世纪百货海都汇店,39:37.0,22:11.7,15826069758,重庆商社新世纪百货连锁经营有限公司海都汇店,NULL,重庆新世纪,封尊霞,1,,NULL
932,摩尔赛尔隆昌龙市店,内江市隆昌市东岳村公园路隆昌六中旁摩尔赛尔超市,55:58.2,02:52.0,13438438335,包场摩尔赛尔隆昌龙市店,NULL,包场,张义琼,2,隆发物流,NULL
933,永辉两江新区--嘉和路店,渝北区礼慈路永辉超市,07:42.5,37:24.3,13883651019,重庆两江新区--嘉和路店,NULL,重庆永辉,刘燕,1,,NULL
934,新世纪涪陵区华福郡店,重庆市涪陵区宏声大道31号宏燕，华福郡8栋负1-商业1楼新世纪超市,17:20.7,20:56.8,15826271589,重庆商社新世纪百货连锁经营有限公司华福郡店,NULL,重庆新世纪,胡伦碧,2,中铁物流,NULL
935,永辉永川区-学府大道店,永川区学府大道58号附1号永辉超市,39:29.3,43:02.1,15823514489,重庆永川区--学府大道店,NULL,重庆永辉,龚富春,2,中铁物流,NULL
936,宋帮福,昆明市环城巷7号托阳贸易仓库,26:01.9,27:38.0,18208802033,,NULL,分销客户,宋帮福,2,,NULL
937,新世纪万州区长江之星店,万州玉熙路37号商业一层新世纪超市,11:39.3,52:09.0,13896271798,重庆商社新世纪百货连锁经营有限公司万州长江之星店,NULL,重庆新世纪,程多政,2,中铁物流,NULL
938,万州区永辉北城中心店,万州周家坝北城广场永辉超市,24:24.2,03:54.2,18996573587,重庆万州区--北城中心广场店,NULL,重庆永辉,陈光清,2,中铁物流,NULL
939,渝北区永辉空港大道店,,12:05.3,14:03.0,,重庆渝北区--空港大道店,NULL,重庆永辉,1,1,,NULL
940,摩尔赛尔隆昌三友胡家店,内江市隆昌市内隆昌街66号,40:42.8,20:20.9,13320706528,包场摩尔赛尔隆昌三友胡家店,NULL,包场,李文丽,2,隆发物流,NULL
941,开州区新世纪金科店,重庆市开州区云枫街道寨子坪社区天宫街385号附1号,21:02.0,45:28.8,17323679800,重庆商社新世纪百货连锁经营有限公司新世纪开州金科店,NULL,重庆新世纪,罗伏荣,2,中铁物流,NULL
942,贵州天骄贸易有限责任公司,贵州市观山湖区瓮井村村委会前200米,28:44.6,24:40.3,17775180823,,NULL,分销客户,吴田姣,2,团结物流,NULL
943,泸州谭林,四川泸州市泸县福集镇二小区往石岗方向前200米,13:50.4,20:35.4,17783938855,,NULL,分销客户,谭林,2,俊杰物流,NULL
944,秀山苟中文,,45:46.2,47:05.9,13996928162,,NULL,分销客户,苟中文,2,迪丰物流,NULL
945,云阳涂云,云阳体育路75号,07:52.3,03:17.0,13228516060,,NULL,分销客户,涂云,2,迪丰物流,NULL
946,永辉渝北龙湖保障店,,20:44.2,NULL,1,,NULL,重庆永辉,1,1,,NULL
947,铜梁零售客户,,09:27.1,10:26.3,1,,NULL,零售客户,1,2,,NULL
948,重客隆万州红光店,重庆市万州区白岩路583号附1-4号,14:49.7,16:18.9,15223688231,重庆重客隆超市连锁有限责任公司万州红光店,NULL,重庆重客隆,何建秀,2,,NULL
949,重客隆万州北山大道店,重庆市万州区北山大道918号龙江锦苑住楼一层,15:20.6,16:12.7,13668432627,重庆重客隆超市连锁有限责任公司万州北山大道连锁店,NULL,重庆重客隆,陈天琴,2,,NULL
1011,巴南区重客隆大江店,重庆市巴南区大江中路832号,52:10.4,15:56.9,1,重庆重客隆超市连锁有限责任公司大江连锁店,NULL,重庆重客隆,1,1,,NULL
1012,巴南区重客隆界石店,重庆市巴南区界新街60号,52:10.4,30:48.1,1,重庆重客隆超市连锁有限责任公司界石连锁店,NULL,重庆重客隆,1,2,,NULL
1013,巴南区重客隆九公里店,重庆市巴南区渝南大道199号,52:10.5,15:41.2,1,重庆重客隆超市连锁有限责任公司九公里连锁店,NULL,重庆重客隆,1,1,,NULL
1014,北部新区重客隆黄山大道店,重庆市渝北区雪松路7号附18号重克隆超市黄山大道店,52:10.5,36:40.6,15823875290,重庆重客隆超市连锁有限责任公司北部新区黄山大道连锁店,NULL,重庆重客隆,喻萍,1,,NULL
1015,北部新区重客隆名优特店,,52:10.5,15:22.5,1,1,NULL,重庆重客隆,1,1,,NULL
1016,大渡口区重客隆大堰店,重庆市涪陵区聚龙大道78号附9号,52:10.5,59:54.0,1,重庆重客隆超市连锁有限责任公司大堰连锁店,NULL,重庆重客隆,1,1,,NULL
1017,大足区重客隆大足店,中铁物流,52:10.5,14:37.6,1,1,NULL,重庆重客隆,1,2,,NULL
1018,大足区重客隆龙水店,重庆市大足区龙水镇朝阳街与龙玉路交叉口,52:10.5,10:50.4,13996141799,重庆重客隆超市连锁有限责任公司龙水连锁店,NULL,重庆重客隆,姚红,2,,NULL
1019,垫江区重客隆垫江新民店,中铁物流,52:10.5,14:21.3,1,1,NULL,重庆重客隆,1,2,,NULL
1020,垫江区重客隆高安店,中铁物流,52:10.5,14:13.3,1,1,NULL,重庆重客隆,1,2,,NULL
1021,涪陵区重客隆涪陵富田店,重庆市涪陵区太极大道26号附11-13号,52:10.5,12:24.8,15826292640,重庆重客隆超市连锁有限责任公司涪陵四环路富田大厦连锁店,NULL,重庆重客隆,邓⑷,2,,NULL
1022,涪陵区重客隆李渡店,重庆涪陵李渡新区马鞍重客隆超市,52:10.5,46:18.7,15023921151,重庆重客隆超市连锁有限责任公司涪陵李渡连锁店,NULL,重庆重客隆,潘小莉,2,,NULL
1023,江北区重客隆大石坝店,重庆市江北区红石路与大石坝立交交叉路口重克隆超市大石坝店,52:10.5,27:24.7,13996847355,重庆重客隆超市连锁有限责任公司大石坝连锁店,NULL,重庆重客隆,谭英,1,,NULL
1024,江北区重客隆东方港湾店,重庆市江北区东方港湾附近重克隆超市东方港湾店,52:10.5,35:34.5,13996038877,重庆重客隆超市连锁有限责任公司江北东方港湾连锁店,NULL,重庆重客隆,王宇,1,,NULL
1025,江北区重客隆东方家园店,重庆市江北区金源路68号附41号重克隆超市东方家园店,52:10.5,31:23.5,13752867736,重庆重客隆超市连锁有限责任公司东方家园连锁店,NULL,重庆重客隆,吴正玲,1,,NULL
1026,江北区重客隆红石路店,重庆市江北区红石路航村1号航天技术学院重克隆超市江北红石路店,52:10.5,33:48.5,18908338624,重庆重客隆超市连锁有限责任公司江北红石路连锁店,NULL,重庆重客隆,冉治翠,1,,NULL
1027,江北区重客隆金科花园店,重庆市江北区五红路25号金科花园旁重克隆超市金科花园店,52:10.5,28:37.8,13617658170,重庆重客隆超市连锁有限责任公司金科花园连锁店,NULL,重庆重客隆,段平英,1,,NULL
1028,江津区重客隆白沙店,重庆市江津区白沙中兴路123号重客隆超市,52:10.5,49:11.1,15808080722,重庆重客隆超市连锁有限责任公司白沙连锁店,NULL,重庆重客隆,秦乙琴,2,,NULL
1029,江津区重客隆德感店,中铁物流,52:10.6,12:49.6,1,1,NULL,重庆重客隆,1,2,,NULL
1030,江津区重客隆珞璜店,中铁物流,52:10.6,12:38.4,1,1,NULL,重庆重客隆,1,2,,NULL
1031,九龙坡区重客隆广厦城店,重庆市九龙坡区滩子口龙江路九龙小学东,52:10.6,12:29.6,1,重庆重客隆超市连锁有限责任公司广厦城连锁店,NULL,重庆重客隆,1,1,,NULL
1032,九龙坡区重客隆黄杨路丽水菁苑店,重庆市九龙坡区工农四村58号24幢附14号重克隆超市丽水菁苑店,52:10.6,35:11.3,13350341299,重庆重客隆超市连锁有限责任公司黄杨路丽水箐苑连锁店,NULL,重庆重客隆,赵霞,1,,NULL
1033,九龙坡区重客隆滩子口店,重庆市九龙坡区滩子口71号附3号,52:10.6,24:06.3,13002361151,重庆重客隆超市连锁有限责任公司滩子口连锁店,NULL,重庆重客隆,谭邦平,1,,NULL
1034,九龙坡区重客隆陶家店,重庆市九龙坡区百彭路,52:10.6,14:51.9,1,重庆重客隆超市连锁有限责任公司陶家工业园区连锁店,NULL,重庆重客隆,1,2,,NULL
1035,九龙坡区重客隆渝中花园店,重庆市渝中区菜园路253号重克隆超市渝中花园店,52:10.6,31:52.9,18883853645,重庆重客隆超市连锁有限责任公司渝中花园连锁店,NULL,重庆重客隆,杨玲,1,,NULL
1036,梁平区重客隆屏锦店,中铁物流,52:10.6,11:55.8,1,1,NULL,重庆重客隆,1,2,,NULL
1037,南岸区重客隆海棠溪店,重庆市南岸区敦厚街36号附15号,52:10.6,41:22.4,15223428264,重庆重客隆超市连锁有限责任公司海棠溪连锁店,NULL,重庆重客隆,涂井群,1,,NULL
1038,南岸区重客隆美堤雅城店,重庆市经开区美缇雅城会龙路66号A区12号楼1层,52:10.6,13:31.0,15823065828,重庆重客隆超市连锁有限责任公司美堤雅城连锁店,NULL,重庆重客隆,罗永梅,1,,NULL
1039,南岸区重客隆南坪东路店,南岸区南坪东路15号,52:10.6,39:38.9,15902368726,重庆重客隆超市连锁有限责任公司南坪东路连锁店,NULL,重庆重客隆,曾莉,1,,NULL
1040,南岸区重客隆融侨半岛店,重庆市南岸区双峰山路融侨半岛香弥山2号,52:10.6,37:23.2,15823526629,重庆重客隆超市连锁有限责任公司融侨半岛连锁店,NULL,重庆重客隆,刘淑碧,1,,NULL
1041,南岸区重客隆铜元局店,南岸区芭蕉湾70号附3号,52:10.6,12:50.7,13399853706,重庆重客隆超市连锁有限责任公司铜元局连锁店,NULL,重庆重客隆,陈玲,1,,NULL
1042,南岸区重客隆涂山路店,重庆市南岸区涂山路588号附3号重客隆超市,52:10.6,41:55.6,13637834279,重庆重客隆超市连锁有限责任公司涂山路连锁店,NULL,重庆重客隆,敖茂琼,1,,NULL
1043,南岸区重客隆长生桥店,重庆茶园长生桥河街长河湾重客隆超市,52:10.6,06:28.9,13618275682,重庆重客隆超市连锁有限责任公司长生桥连锁店,NULL,重庆重客隆,罗克容,1,,NULL
1044,綦江区重客隆东溪店,中铁物流,52:10.6,10:38.2,1,1,NULL,重庆重客隆,1,2,,NULL
1045,綦江区重客隆普惠尚城店,重庆市綦江区文化街道长生路88号,52:10.6,34:22.6,13983159238,重庆重客隆超市连锁有限责任公司綦江普惠尚城连锁店,NULL,重庆重客隆,黄晓霞,2,,NULL
1046,綦江区重客隆綦江店,重庆市綦江区九龙大道62号附9号,52:10.7,16:12.4,17725145339,重庆重客隆超市连锁有限责任公司綦江连锁店,NULL,重庆重客隆,张吉琼,2,,NULL
1047,沙坪坝区重客隆高滩岩店,重庆市沙坪坝区都市花园西路252号2-1号重客隆超市,52:10.7,40:09.7,18302387770,重庆重客隆超市连锁有限责任公司高滩岩连锁店,NULL,重庆重客隆,刘君,1,,NULL
1048,沙坪坝区重客隆劳动路店,劳动路73-11号（劳动路社区卫生服务站东）,52:10.7,39:14.6,13983583326,重庆重客隆超市连锁有限责任公司劳动路连锁店,NULL,重庆重客隆,秦鹏,1,,NULL
1049,沙坪坝区重客隆沙北街店,重庆市沙坪坝区学林雅园重客隆沙北街店超市,52:10.7,28:41.6,15902365784,重庆重客隆超市连锁有限责任公司沙北街连锁店,NULL,重庆重客隆,岳学平,1,,NULL
1050,沙坪坝区重客隆双碑店,重庆市沙坪坝区中心湾157号附3号 -4号,52:10.7,41:25.9,13594237378,重庆重客隆超市连锁有限责任公司双碑连锁店,NULL,重庆重客隆,田阳,1,,NULL
1051,潼南区重客隆潼南建设路店,中铁物流,52:10.7,25:02.5,1,重庆重客隆超市连锁有限责任公司潼南建设路连锁店,NULL,重庆重客隆,1,2,,NULL
1052,永川区重客隆永川桂山店,重庆市永川区桂山路12号1-5,52:10.7,35:50.5,19112037920,重庆重客隆超市连锁有限责任公司永川桂山路连锁店,NULL,重庆重客隆,刘意美,2,,NULL
1053,渝北区重客隆宝圣大道店,重庆市渝北区宝圣大道137号重克隆超市宝圣大道店,52:10.7,37:37.0,17783581715,重庆重客隆超市连锁有限责任公司宝圣大道连锁店,NULL,重庆重客隆,谭开明,1,,NULL
1054,渝北区重客隆大竹林店,,52:10.7,54:14.1,1,1,NULL,重庆重客隆,1,1,,NULL
1055,渝北区重客隆花卉园店,重庆市渝北区花卉园西一路63号重克隆超市花卉园店,52:10.7,34:16.8,15823000661,重庆重客隆超市连锁有限责任公司花卉园西路连锁店,NULL,重庆重客隆,王路,1,,NULL
1056,渝北区重客隆回兴店店,重庆市渝北区兴科大道250号附9号重克隆超市回兴店,52:10.7,37:07.2,13618355903,重庆重客隆超市连锁有限责任公司渝北回兴连锁店,NULL,重庆重客隆,黄兴会,1,,NULL
1057,渝北区重客隆金岛花园店,重庆市渝中区松石北路3号重克隆超市金岛花园店,52:10.7,32:29.4,130 4841 0130,重庆重客隆超市连锁有限责任公司金岛花园连锁店,NULL,重庆重客隆,雍梅,1,,NULL
1058,渝北区重客隆两路店,重庆市渝北区双凤路215号重克隆超市两路店,52:10.7,26:43.1,15923583337,重庆重客隆超市连锁有限责任公司两路连锁店,NULL,重庆重客隆,李玉梅,1,,NULL
1059,渝北区重客隆渝北长空店,重庆市渝北区双凤桥街道长空路277号近浩博天地重克隆超市渝北长空路连锁店,52:10.7,34:43.0,13212383093,重庆重客隆超市连锁有限责任公司渝北长空路连锁店,NULL,重庆重客隆,王成荣,1,,NULL
1060,渝中区重客隆大黄路店,重庆市渝中区大黄路29号重克隆超市大黄路店,52:10.7,30:20.9,13752954043,重庆重客隆超市连锁有限责任公司大黄路连锁店,NULL,重庆重客隆,黄凤,1,,NULL
1061,渝中区重客隆大溪沟店,重庆市渝中区人民路61号重克隆超市大溪沟连锁店,52:10.7,29:45.7,15823326348,重庆重客隆超市连锁有限责任公司大溪沟连锁店,NULL,重庆重客隆,夏九群,1,,NULL
1062,渝中区重客隆鹅岭店,重庆市渝中区鹅岭正街168号附13号重克隆超市鹅岭店,52:10.8,30:52.3,15310324433,重庆重客隆超市连锁有限责任公司鹅岭连锁店,NULL,重庆重客隆,黄淑金,1,,NULL
1063,渝中区重客隆观音岩店,重庆市渝中区中山一路重克隆超市观音岩店,52:10.8,29:17.2,13594213321,重庆重客隆超市连锁有限责任公司观音岩连锁店,NULL,重庆重客隆,杜全芳,1,,NULL
1064,渝中区重客隆黄沙溪店,重庆市渝中区菜园路168号江屿朗廷C1栋重克隆超市黄沙溪店,52:10.8,36:18.0,13618279374,重庆重客隆超市连锁有限责任公司黄沙溪连锁店,NULL,重庆重客隆,许云坤,1,,NULL
1065,渝中区重客隆七星岗店,重庆市渝中区兴利大厦重克隆超市七星岗店,52:10.8,28:03.2,13399884331,重庆重客隆超市连锁有限责任公司七星岗连锁店,NULL,重庆重客隆,樊组长,1,,NULL
1066,忠州区重客隆拔山店,中铁物流,52:10.8,45:20.5,1,1,NULL,重庆重客隆,1,2,,NULL
1067,城口县重客隆城口店,重庆市城口县南大街重客隆,52:10.8,57:41.4,15310507971,重庆重客隆超市连锁有限责任公司城口商场,NULL,重庆重客隆,胡晓英,2,京东物流,NULL
1068,石柱县重客隆石柱店,石柱县良玉广场重客隆超市,52:10.8,39:48.0,15856040796,重庆重客隆超市连锁有限责任公司石柱连锁店,NULL,重庆重客隆,吴兴琼,2,,NULL
1069,四川渠县重客隆渠县商场店,四川省达卅市渠县万兴广场重客隆超市,52:10.8,56:05.3,13649063905,重庆重客隆超市连锁有限责任公司渠县商场,NULL,四川重客隆,徐晓玲,2,京东物流,NULL
1070,渝北区新世纪金贸时代店,,39:29.7,41:28.3,1,,NULL,重庆新世纪,1,1,,NULL
1071,合川零售客户,,03:37.0,NULL,,,NULL,零售客户,1,2,,NULL
1072,包场沙坪坝区大学城大华超市,重庆市沙坪坝区大学城南一路与学善路交叉口西南100米,00:38.8,52:19.4,19923691234,大学城大华超市,NULL,包场,曹老师,1,,NULL
1073,东时国际供应链公司,,37:28.5,42:30.7,,,NULL,厂家,莫小姐,2,,NULL
1074,江北区永辉电商东海福苑店,,39:29.9,NULL,1,,NULL,重庆永辉,1,1,,NULL
1075,江北区永辉电商红原路店,,40:06.4,NULL,1,,NULL,重庆永辉,1,1,,NULL
1076,惠州市七分妆化妆品有限公司（沿泰）,,54:52.6,NULL,13531661603,,NULL,厂家,李婉花,2,,NULL
1077,贵阳观山湖区刘义超,贵阳观山湖区,49:12.5,12:47.2,15285993402,,NULL,分销客户,刘义超,2,汇运物流,NULL
1078,重庆谊品弘渝科技有限公司,重庆市沙坪坝区土主车管所后面中集物流园3号仓库,53:44.5,54:52.0,,,NULL,谊品生鲜大仓,1,1,,NULL
1079,四川成都新都区开美化妆品有限公司-徐波,四川省成都市新都区斑竹园柏水村3组,20:31.9,30:22.4,13032869277,,NULL,分销客户,林仁梦,2,汇运物流,NULL
1081,四川绵阳涪城区开美化妆品有限公司-徐波,绵阳市涪城区楼房村 众望和仓储,35:09.3,36:00.8,18030951763,,NULL,分销客户,易勇,2,汇运物流,NULL
1082,六感科技（厦门）有限公司-新欧巴,昆明市官渡区新螺蛳湾仓储二期16栋602室,07:55.0,54:27.0,13808700519,,NULL,厂家,龙学俊,2,云贵物流,NULL
1083,贵阳小河区刘义超,贵阳省贵阳市小河区开发大道小孟工业园标准厂房3期1号楼4楼,39:47.7,12:57.7,15286007146,,NULL,分销客户,谢东（刘进）,2,汇运物流,NULL
1084,黔江石小露,重庆市黔江区城西洞塘居委,50:35.4,19:01.0,13512309458,,NULL,分销客户,石小露,2,迪丰物流,NULL
1085,四川成都市--招商花园城店,成华大道杉板桥路（招商中央华城一期）永辉超市,37:31.2,46:45.6,13980779846,四川成都市--招商花园城店,NULL,四川永辉,余华,2,中铁物流,NULL
1086,黑猫公司,,15:06.7,NULL,,,NULL,厂家,1,2,,NULL
1087,沙坪坝区佰沃超市,重庆市沙坪坝区大学城中路17、19,47:57.6,14:41.6,18983559186,包场佰沃超市,NULL,包场,何先锋,1,,NULL
1088,广州市美驰化妆品公司（欧贝斯）,广州市花都区两龙南街41号美驰化妆品,46:59.9,57:03.1,1,,NULL,厂家,1,2,,NULL
1089,直播,,21:56.8,NULL,1,,NULL,直播,1,2,优速快递,NULL
1090,合川周永刚,合川区南津街希望城玫瑰园嘉农购物中心,12:05.8,38:29.2,15922565779,,NULL,分销客户,唐凤群,2,迪丰物流,NULL
1091,江北区-永辉和煦路店,,21:18.6,06:27.9,1,,NULL,重庆永辉,1,2,,NULL
1092,石柱县重客隆黄水店,重庆市石柱土家族自治县黄连大道附近重客隆超市,09:43.5,NULL,18723437269,,NULL,重庆重客隆,周富玲,2,,NULL
1093,重客隆武隆县仙女山店,重庆市武隆区仙女山镇步云路20号雪H仙山商业街S2号楼一层重客隆超市,10:55.6,NULL,13883883203,,NULL,重庆重客隆,吴永兰,2,,NULL
1094,遵义沈新,遵义市沈阳南路第三小学千代文具,41:13.1,43:08.9,13765222013,,NULL,分销客户,沈新,2,,NULL
1095,永辉西藏拉萨区纳金东路万达店,西藏自治州拉萨市城关区纳金东路万达广场B1层永辉超市,35:34.4,24:17.7,18089983241,西藏拉萨纳金东路万达店,NULL,四川永辉,参珍,2,中铁物流,NULL
1096,上海伽蓝美妆销售有限公司（春夏，自然堂）,,03:51.2,NULL,,,NULL,厂家,1,2,,NULL
1097,摩尔赛尔彭山三店,彭山区凤鸣大道二段319号,36:44.3,25:43.1,18990305904,包场摩尔赛尔彭山三店,NULL,包场,龚忠英,2,汇运物流,NULL
1098,江津新世纪双福店,江津双福锐升.凤凰城南北大道北段485新世纪超市,50:55.5,06:14.6,13983111028,重庆商社新世纪百货连锁经营有限公司双福店,NULL,重庆新世纪,陈霞,2,,NULL
1099,重庆沙坪坝区--西林大道店,重庆市沙坪坝区西尊路与永泰路交叉口西北永辉超市,21:25.6,51:45.0,18725904792,重庆沙坪坝区--西林大道店,NULL,重庆永辉,秦秀梅,2,中铁物流,NULL
1100,贵州省都匀市刘老板,贵州省都匀市洛邦镇滑动轴承厂,57:03.3,06:53.1,15185496181,,NULL,分销客户,陈亮梅,2,汇运物流,NULL
1101,扬州新起点刷业有限公司,,10:44.5,NULL,1,,NULL,厂家,1,2,,NULL
1103,四川成都市--高新区新川路店,四川省成都市双流区祥龙三街与梓州大道交叉口西南角永辉超市,03:52.2,13:37.8,198 2839 6572,四川成都市--高新区新川路店,NULL,四川永辉,杨明玲,2,中铁物流,NULL
1104,四川都江堰融创店,四川省成都市都江堰市融创茂至臻路1号永辉超市,05:02.7,56:49.8,135 4018 8585,四川成都市--都江堰融创店,NULL,四川永辉,廖小蓉,2,,NULL
1105,四川省自贡市-华商国际店,自贡市自流井区华商北路与华彩大道交叉口爱琴海购物公园永辉超市,33:14.6,02:11.7,13480654961,四川自贡市--华商国际店,NULL,四川永辉,姜早,2,中铁物流,NULL
1106,沙坪坝区新世纪陈家桥学府悦园店,重庆市学府悦园(沙坪坝区丰盛路与国鑫路交叉口)新世纪超市,52:21.2,23:46.1,17345070525,重庆商社新世纪百货连锁经营有限公司陈家桥学府悦园店,NULL,重庆新世纪,伍维,2,中铁物流,NULL
1107,四川省金牛区龙湖上城天街店,四川省成都市金牛区一环路与人民北路交叉口西南角 龙湖上城（永辉超市）,45:04.6,33:49.0,13541320756,四川成都市--金牛区龙湖上城天街店,NULL,四川永辉,张花萍,2,中铁物流,NULL
1108,贵州零售客户,,19:28.4,NULL,,,NULL,零售客户,1,2,,NULL
1109,两江新区永辉依山郡店,重庆市两江新区金州大道23号第27幢1-141-15,56:07.4,15:23.8,18623563625,重庆两江新区--依山郡店,NULL,重庆永辉,刘南坪,1,,NULL
1110,重百江津白沙店,江津白沙镇白沙大道131号负一层重百超市,42:34.5,09:58.5,15730376047,重庆商社新世纪百货连锁经营有限公司白沙店,NULL,重庆重百,华斌,2,中铁物流,NULL
1111,重庆潼南县-东安大道店,潼南时代广场永辉超市收货口,12:12.2,15:43.7,13648369886,重庆潼南县--东安大道店,NULL,重庆永辉,李良君,2,中铁物流,NULL
1112,湖南怀化都匀刘老板,湖南省怀化市鹤城区狮子岩新村A3栋15号16号,34:40.9,57:16.6,18685551999,,NULL,分销客户,李康林,2,中众衡物流,NULL
1113,总出库,,45:40.3,NULL,1,,NULL,总出库,1,1,,NULL
1114,江北区新世纪融景城店,重庆市江北区北城四路104号负27号新世纪超市,11:37.5,16:08.3,13983650446,重庆商社新世纪百货连锁经营有限公司融景城店,NULL,重庆新世纪,章黎,1,,NULL
1115,九龙坡区新世纪精彩汇店,重庆市九龙坡区华美路25号新世纪超市,15:22.9,05:30.0,17353107682,重庆商社新世纪百货连锁经营有限公司精彩汇店,NULL,重庆新世纪,罗利,1,,NULL
1116,四川自贡--汇川路店,四川省自贡市自流井区马吃水路103号汇川路店永辉超市,49:15.1,36:21.3,13890080472,四川自贡--汇川路店,NULL,四川永辉,何知英,2,中铁物流,NULL
1117,四川成都市--百郦锦城店,四川省成都市新都区新都街道团结社区百郦锦城店,21:36.3,16:57.1,13228198382,四川成都市--百郦锦城店,NULL,四川永辉,杨巧,2,中铁物流,NULL
1118,永辉德阳市新城吾悦店,四川省德阳市旌阳区岷江路三段新城吾悦店永辉超市,30:36.8,51:45.9,18281081080,四川德阳市--新城吾悦店,NULL,四川永辉,马秀兰,2,中铁物流,NULL
1119,成都成华区办公室,成都市成华区二环东二段七号东城国际A幢2103,59:23.8,58:57.4,18280466291,,NULL,成都办公室,张金花,2,京东物流,NULL
1120,广州善草纪化妆品有限公司（吉安百莲商贸有限公司）,,49:05.3,NULL,1,,NULL,厂家,1,2,,NULL
1121,永辉成都市青白江区万达广场店,四川省成都市青白江区清江中路与政府南路交汇处东南角青白江区万达广场店永辉超市,09:39.3,54:55.1,15760381887,四川成都市--青白江区万达广场店,NULL,四川永辉,吴泽兰,2,中铁物流,NULL
1122,永辉四川凉山州西昌万达店,四川省凉山彝族自治州西昌市航天大道与望海大道交汇处西昌万达广场店永辉超市,35:47.9,34:38.1,18113210596,四川凉山州--西昌万达店,NULL,四川永辉,张元会,2,中铁物流,NULL
1124,重庆巫山县-神女尚熙台店,巫山神女上熙台永辉超市,47:46.7,02:50.4,15823732315,重庆巫山县--神女尚熙台店,NULL,重庆永辉,黄宗秀,2,中铁物流,NULL
1125,永辉四川巴中市容邦万达店,四川省巴中市巴州区巴州大道499号容邦万达店永辉超市,08:48.3,09:05.1,18009087977,四川巴中市--容邦万达店,NULL,四川永辉,杨芳,2,中铁物流,NULL
1126,成都Bravo万达广,,00:49.9,NULL,1,,NULL,四川永辉,1,2,,NULL
1127,包场摩尔隆昌西湖郦景店,四川省内江市隆昌市望城路,32:10.9,34:02.2,13883950313,包场摩尔隆昌西湖郦景店,NULL,包场,李伟,2,隆发物流,NULL
1128,内江BRAVO汇金广店,,51:38.4,NULL,1,,NULL,四川永辉,1,2,,NULL
1129,永辉四川BRAVO大,,41:47.1,NULL,1,,NULL,四川永辉,1,2,,NULL
1130,新世纪九龙坡区盘龙广场店,重庆市九龙坡区云龙大道6号新世纪超市,52:56.0,25:00.4,15823061271,重庆商社新世纪百货连锁经营有限公司盘龙广场店,NULL,重庆新世纪,周相琼,1,京东物流,NULL
1131,新世纪九龙坡区九龙广场店,重庆市九龙坡区杨家坪西郊三村2号新世纪超市,53:29.3,23:26.9,17318413977,重庆商社新世纪百货连锁经营有限公司九龙广场超市,NULL,重庆新世纪,杜林,1,京东物流,NULL
1132,新世纪渝北区锦华路店,重庆市渝北区回兴街道锦华路4号玫瑰城新世纪超市,54:40.2,19:02.8,1,重庆商社新世纪百货连锁经营有限公司锦华路超市,NULL,重庆新世纪,1,1,京东物流,NULL
1133,永辉四川内江市--汇金天地店,四川省内江市资中县五馆南广场西侧永辉超市,48:31.3,54:33.2,15884813876,四川内江市--汇金天地店,NULL,四川永辉,欧丽君,2,中铁物流,NULL
1134,四川达州市-大竹县天泰新天地店,四川省达州市大竹县迎宾路天泰新天地4号楼永辉超市,48:27.6,26:20.1,19160658710,四川达州市--大竹县天泰新天地店,NULL,四川永辉,龙飞,2,中铁物流,NULL
1135,贵阳市乌当区胡保民,贵州省贵阳市乌当区高新路124号,07:22.1,NULL,13984199295,,NULL,分销客户,李福强,2,汇运物流,NULL
1136,永辉渝北区红石路林英店,重庆市重庆市渝北区红石路71号,42:07.1,NULL,1,,NULL,重庆永辉,1,1,,NULL
1137,永辉物流食品用品DC-MINI,,14:52.4,NULL,1,,NULL,重庆永辉,1,1,,NULL
1138,贵阳市小河区胡保民,贵州省贵阳市小河区小孟工业园标准厂房3期1号楼,58:38.3,59:26.7,15286007146,,NULL,分销客户,谢东,2,汇运物流,NULL
1139,贵阳观山湖区胡保民,贵州市贵阳市观山湖区宾阳大道西南电商园7栋2楼,51:04.4,51:11.4,13595047898,,NULL,分销客户,李向阳,2,汇运物流,NULL
1140,重庆电商东海福苑店,,50:20.2,NULL,1,,NULL,重庆电商,1,1,,NULL
1141,重庆电商金源时代店,,50:42.8,NULL,1,,NULL,重庆电商,1,1,,NULL
1142,永辉物流食品用品-电商,,57:15.5,59:51.5,1,,NULL,重庆大仓,1,1,,NULL
1143,广州施蓓绮日化科技有限公司（迪菲娜））,,29:54.3,NULL,,,NULL,厂家,1,2,,NULL
1144,渝北陈锋,,51:27.0,51:54.7,1,,NULL,分销客户,1,1,,NULL
1145,重庆品页商贸有限公司-舒适,重庆市渝北区长东路11号（安琪科技有限公司里面）,49:59.9,NULL,13452398008,,NULL,厂家,陈瑞,1,,NULL
1146,重庆电商星湖路店,,25:19.3,26:47.7,1,,NULL,重庆电商,1,1,,NULL
1147,贵州铜仁市碧江区胡保民,贵州省铜仁市碧江区枫木坪隆盛仓储,06:27.8,06:48.4,15870192102,,NULL,分销客户,彭继红,2,汇运物流,NULL
1148,新世纪巫山三店,重庆市巫山县神女市场新华书店新世纪超市,28:54.4,28:39.0,18523240889,重庆商社新世纪百货连锁经营有限公司巫山三店,NULL,重庆新世纪,周冰,2,京东物流,NULL
1149,渝北区聚汇优品,重庆市渝北区婵衣路10号附3号正西方向170米,03:04.4,42:18.5,18523535959,,NULL,分销客户,陶粟,1,,NULL
1150,重庆电商都和广场店,,08:14.5,08:54.8,1,,NULL,重庆电商,1,1,,NULL
1151,重庆汇美-美涛/蒂花之秀,,22:13.1,NULL,1,,NULL,厂家,1,2,,NULL
1153,合川李红梅,合川义乌小商品批发市场,37:38.7,45:17.9,13883345189,,NULL,分销客户,曹印,2,雷达物流,NULL
1154,重百巴南区融汇半岛店,重庆市巴南区李家沱融汇大道1号附1号重百超市融汇半岛店,16:27.8,26:04.1,15823088367,重百李家沱融汇半岛店,NULL,重百,聂静,1,,NULL
1155,贵州省都匀市胡保民,贵州省都匀市洛邦镇滑动轴承厂,09:51.3,NULL,15185496181,,NULL,分销客户,陈亮梅,2,,NULL
1156,新世纪渝北区兰馨大道店,,23:21.2,15:18.0,1,重庆商社新世纪百货连锁经营有限公司兰馨大道店,NULL,重庆新世纪,1,1,,NULL
1157,广州丽信化妆品有限公司,,52:47.7,53:05.8,,广州丽信化妆品有限公司,NULL,厂家,1,2,,NULL
